created_at;full_text;label
Tue Dec 09 23:58:08 +0000 2025;Beberapa open recruitment relawan untuk membantu Bencana Sumatera Langsung hubungi kontak lembaga terkait ya Luruskan niat Siapkan fisik mental dan bekal Jangan berharap imbalan materi apapun berharaplah keridhoan Allah SWT Mari yang punya keluangan https://t.co/3KPBtPE047;positif
Tue Dec 09 23:54:34 +0000 2025;@indepenSumatera Pantesan kagak kelihatan dahsyat nya bencana alam di Sumatera wong yg di survey mall.....#VirusTolDung;negatif
Tue Dec 09 23:52:53 +0000 2025;Yg Mulia Bapak Presiden @prabowo Terkait dengan Bencana di Sumatera sebaik nya para Pejabat di dalam kabinet anda lebih baik diam jangan asal bunyi. Bapak suruh mereka menjaga congor nya jangan membuat Rakyat semakin membenci Pemerintah.;negatif
Tue Dec 09 23:48:58 +0000 2025;@Gunawan75_ Kelakuan KERAJAAN BANDIT JAKARTA Status Bencana d tahan Rakyat Sumatera kelaparan Rakyat Aceh d prank listrik menyala 97% oleh dagelan BANDIT JAKARTA. bangsat kan? https://t.co/pD7PE1n7Sg;negatif
Tue Dec 09 23:48:27 +0000 2025;@ThatSun510 @StopPlandemit @ch4o5Myth @mulkanjabariyan @mamakchayank @SumandoGaek @GandarAntarkota @seekracle @ranglasi we'll be damned.. kalau ini benar guendeng sih sampe ngorbanin nyawa karyawan sebegitunya. eh bentar ding gimana yang bencana sumatera ;negatif
Tue Dec 09 23:45:51 +0000 2025;@CakTugiman @nakiriayame @__AnakKolong @Anak__Ogi @ch_chotimah2 @DarsAlexandra1 @detikcom @DumaiTaufik Antisipasi bencana Jgn sampai spt Sumatera mas Cukup Sumatera aja sbg contoh. Salam dri Sumatera yg KELAPARAN dan TERABAIKAN.;negatif
Tue Dec 09 23:36:49 +0000 2025;Di balik banjir besar Sumatera. Dan statusnya tidak di naikkan Ke level bencana nasional... Karena pemerintahan yg bobrok Dan tata kelola lingkungan yg Tumpang tindih dan korup.. https://t.co/u15MMYZOK8;negatif
Tue Dec 09 23:28:54 +0000 2025;@Tan_Mar3M Woi penipu tua @jokowi relawannya gak diturunkan ke tempat bencana Aceh Sumatera bukan taon politik gak ngepek bikin pencitraan gitu? #AdiliRajaNgibulJokowi;negatif
Tue Dec 09 23:27:33 +0000 2025;@FDonghun siapa yg lu tuduh bajeRp?? cuma binatang yg gak anggap bencana sumatera sbg bencana luar biasa!! @barengwarga @PNS_Ababil @shitlicious @realfedinuril @indepenSumatera @Aceh @kurawa @NasbiHasan @Giring_Ganesha @mohmahfudmd @susipudjiastuti @KPK_R;negatif
Tue Dec 09 23:27:18 +0000 2025;@KemensosRI bosmu ancen rai gedheg alias muka anyaman bambu! di tengah bencana Sumatera malah main rapat2an gak jelas;negatif
Tue Dec 09 23:17:56 +0000 2025;@sharpandshark Ya ya terserah lu pada dah ajg pertanggung jawabkan nnti diakhirat atas semua bencana yg terjadi di Aceh dan Sumatera;negatif
Tue Dec 09 23:17:47 +0000 2025;pemerintah kabupaten Bogor Polres Bogor dan masyarakat kabupaten Bogor bahu membahu memberikan bantuan untuk warga terdampak bencana di Sumatera Kini sudah terkumpul 1 2 milyar dari pemerintah hingga masyarakat kabupaten Bogor untuk diberikan langsung ke warga terdampak https://t.co/DYdsXYQp53;positif
Tue Dec 09 23:15:37 +0000 2025;@narkosun @grok Tolong buatkan daftar pernyataan kontroversial jajaran pemerintah yang bikin masyarakat kesal selama terjadi bencana banjir di Aceh Sumatera Barat dan Sumatera Utara.;negatif
Tue Dec 09 23:12:27 +0000 2025;@Mythicalforest Bencana di sumatera tidak dijadikan pelajaran manusia serakah baru akan sadar dan menyesal jika napas sudah sampai kerongkongan;negatif
Wed Dec 24 23:53:51 +0000 2025;@indepenSumatera Inilah para pengucap terima kasih tindakan pemerintah menangani bencana sumatera;negatif
Wed Dec 24 23:20:00 +0000 2025;Seskab Teddy meminta semua pihak untuk bekerja sama dan tidak berkomentar buruk terkait penanganan banjir di Sumatera. Menurutnya yang dibutuhkan saat ini adalah dukungan dan kolaborasi agar penanganan bencana berjalan efektif. https://t.co/cI1vyZyZmj;positif
Wed Dec 24 23:15:27 +0000 2025;Pengalihan isu mulu dah. Gampang banget orang2 di indo kebanyakan untuk menaruh perhatian ke hal yang nggak penting sementara masih banyak hal yang harus diperhatikan misal: bencana banjir sumatera;negatif
Wed Dec 24 23:11:37 +0000 2025;engalihan isu mulu dah. Gampang banget orang2 di indo kebanyakan untuk menaruh perhatian ke hal yang nggak penting sementara masih banyak hal yang harus diperhatikan misal: bencana banjir sumatera;negatif
Wed Dec 24 23:03:36 +0000 2025;@Official_Ansor Lebih bermartabat jika kalian menjadi relawan ke daerah terdampak bencana! Belum ada beritanya gerombolan penjaga gereja ini bergerak ke Sumatera sbg relawan bencana!!;negatif
Wed Dec 24 23:03:12 +0000 2025; @serigalabelacu @AbdulRachimmks Dan mrk merasa rugi kalau dana nya di alihkan utk pemulihan korban bencana di sumatera dan Aceh!!mmng org2 itu penghianat hati nurani bangsa!!tdk jauh beda dng penindas zionist!!;negatif
Wed Dec 24 22:52:07 +0000 2025;@ekowboy2 Saat rakyat menginginkan kapolri diganti bapak nggak kan? Saat rakyat menginginkan Sumatera ditetapkan bencana nasional bapak nggak kan??;negatif
Wed Dec 24 22:46:09 +0000 2025;Salut banget sama kepedulian Purbaya langsung gercep realokasi anggaran buat Sumatera siap bencana #DanaDaruratBencanaSumatera https://t.co/NEiaVTqoes;positif
Wed Dec 24 22:44:27 +0000 2025;Akhirnya bisa menambah lagi sedekah untuk bencana. Mengambil secukupnya untuk pemulihan diri sudah cukup. Semoga para survivor yang terus berjuang di Sumatera tetap diberi kekuatan. Alam semesta akan menunjukkan jalannya dari peristiwa ini.;positif
Wed Dec 24 22:43:43 +0000 2025;@CNNIndonesia Padahal yg nertawakan Nitizen Indonesia karena amburadulnya penanganan bencana sumatera;negatif
Wed Dec 24 22:41:49 +0000 2025;Empat pekan setelah bencana Sumatera pemerintah pusat tetap menolak bantuan asing. Terbaru pemerintah mengembalikan bantuan berupa 30 ton beras dari Uni Emirat Arab yang telah tiba di Medan. https://t.co/Xd9e0u606Q;negatif
Wed Dec 24 22:41:31 +0000 2025;@NenkMonica Goreng terus beritanya ...biar penderitaan saudara▓ di sumatera yg kena bencana tdk ter expose;negatif
Fri Jan 09 23:59:15 +0000 2026;@BosPurwa @ListyoSigitP @pandji @prabowo @bang_dasco Sementara kabar penderitaan Bencana Banjir dan Longsor di Sumatera tenggelam oleh candaan Pandji ini menyedihkan.;negatif
Fri Jan 09 23:57:08 +0000 2026;@Gunawan75_ Kan pemerintah masih bergerak untuk bencana di Sumatera janganlah tendensius dan provokasi seolah2 narasi yang anda buat itu benar. Ayo cek ke lapangan sebelum framing !!;positif
Fri Jan 09 23:53:51 +0000 2026;Sumatera tidak sendiri. Di tengah bencana tangan-tangan kemanusiaan bergerak bersama untuk memberi bantuan harapan dan kekuatan bagi para penyintas. #PenangananBencana #BencanaSumatera #TanggapDarurat #SolidaritasKemanusiaan #RelawanIndonesia https://t.co/m5wEq8ZEnW;positif
Fri Jan 09 23:53:44 +0000 2026;Sumatera tidak sendiri. Di tengah bencana tangan-tangan kemanusiaan bergerak bersama untuk memberi bantuan harapan dan kekuatan bagi para penyintas. #PenangananBencana #BencanaSumatera #TanggapDarurat #SolidaritasKemanusiaan #RelawanIndonesia https://t.co/Li44fQJWRk;positif
Fri Jan 09 23:45:54 +0000 2026;Di tengah cobaan bencana semangat masyarakat Sumatera tidak padam. Bersama relawan TNI Polri dan tenaga kemanusiaan warga bahu-membahu mengatasi dampak bencana. Harapan mulai tumbuh #AcehSumatraPulih #PemerintahBarengWarga #SolidaritasUntukSumatra https://t.co/SSKXNlecf7;positif
Fri Jan 09 23:34:26 +0000 2026;Update Pasca Bencana Aceh dan Sumatera Personel Brimob dibantu Warga Melanjutkan Membersihkan Rumah dan Saluran Air https://t.co/ttlcMKGTpW;positif
Fri Jan 09 22:13:08 +0000 2026;Alhamdulillah bantuan untuk korban bencana Sumatera melalui udara telah diberikan. Ini adalah bukti nyata bantuan kemanusiaan untuk para penyintas bencana #BersamaPulihkanSumutAceh https://t.co/15Q4PgcQ2d;positif
Fri Jan 09 22:12:30 +0000 2026;Pejabat Pemerintah turun langsung tangani bencana Sumatera. Dari Hari pertama Pemerintah Hadir dan langsung bergerak tim SAR TNI-Polri dan relawan diterjunkan. #BersamaPulihkanSumutAceh https://t.co/8jiLZ9fZWT;positif
Fri Jan 09 21:51:14 +0000 2026;Menurut keyakinan gueh yang terburuk adalah pengen bikin pengalihan isu buat bencana sumatera penangkapan Yaqut Cholil Qoumas oleh KPK atas kasus Korupsi dana Haji mengaburkan pandangan terhadap bangsatnya KUHP terbaru. Dan masih banyak lagi.;negatif
Fri Jan 09 21:48:59 +0000 2026;Pemkab Boyolali berangkatkan bantuan untuk para korban bencana alam Sumatera https://t.co/8x89tFGHn5;positif
Fri Jan 09 20:38:43 +0000 2026;@kentimanuel Ya gercepnya TNI AL emang patut diacungi jempol! Bencana banjir;positif
Fri Jan 09 20:37:32 +0000 2026;jarang-jarang liat mobilisasi secepet ini tni al beneran totalitas dukung pemulihan infrastruktur sumatera kehadiran kri banda aceh beneran nyelamatin bnyk hal apresiasi bgt @Grok menurut lo ini bisa jadi standar penanganan bencana ga? https://t.co/PMGBerHK5M;positif
Fri Jan 09 20:05:45 +0000 2026;@ysfalniz Iya langkah Kemenkes soal trauma healing pasca-bencana emang inovatif dan tepat sasaran terutama buat anak-anak di Sumatera ;positif
Fri Jan 09 20:05:25 +0000 2026;@ZahiraNaillil Iya bisa banget jadi benchmark! Respons cepat Kemenkes seperti mobilisasi relawan edukasi kesehatan (kayak tips telinga ini) dan pemulihan fasilitas medis pasca-banjir di Sumatera nunjukin koordinasi efektif. Daerah lain bisa tiru buat cega;positif
Fri Jan 09 19:18:17 +0000 2026;@ismailfahmi Pisau bermata dua sih sbnrnya satu sisi naikin engagement Pandji sisi lain sangat mungkin di jadikan pengalihan issue terkait bencana yg di sebabkan kerusakan ekologi di Sumatera Kalimantan Sulawesi yg sampe skrg ga ada yg di jadikan tersangk;negatif
Fri Jan 09 18:16:53 +0000 2026;Bjir iya kah? Padahal ada satu juta orang di Sumatera yang jadi korban banjir. Tapi belum jadi bencana nasional. Lalu belakangan banyak pihak dikriminalisasi atau hilang nyawanya karena memperjuangkan hak dan tanahnya. Kontol lo.;negatif
Fri Jan 09 17:59:14 +0000 2026;@Official_Ansor Ayo dong BanSerep ke tempat bencana Aceh - Sumatera tapi kagak ada cuan-nya buat udut ;negatif
Sat Jan 24 23:38:14 +0000 2026;@centildikiet @rudolfvck @katakycky Alay ga penting. Bencana sumatera ga segitunya kalian sedih.;negatif
Sat Jan 24 23:27:17 +0000 2026;Pemerintah Hadir dan terus berupaya untuk memulihkan Aceh dan Sumatera pasca bencana alam banjir. https://t.co/o2yhBd4ew9;positif
Sat Jan 24 23:14:14 +0000 2026;jirr ini ex JKT48?? udah gaada kerjaan skrg jadi buzzer pemerentah kah noh yg waktu itu demo dilindes mobil brimob bencana sumatera lebih parah gapernah dibahas wkwk;negatif
Sat Jan 24 23:08:35 +0000 2026;@kentomiyauraaa @turqlily @puresapphic Tapi maaf bang bukan saya bela tapi beliau ini sering banget galang dana dari 2023 bencana apapun. Kalo ga dia juga sering kok ke panti asuhan/jompo pas banjir sumatera dia (seingat saya) pernah repost kitabisa di ig;positif
Sat Jan 24 22:26:25 +0000 2026;@Mythicalforest Wajar Kalau Aceh Dan Sumatera Di Cuekin Saat Bencana;negatif
Sat Jan 24 22:12:21 +0000 2026;orang yg lagi ikut berduka atas selebgram yg meninggal dan simpatik atas banjir jakarta bogor tangerang dan sekitarnya adalah orang┬▓ yg sama yg juga simpatik bahkan berdonasi utk bencana di Sumatera ;positif
Sat Jan 24 21:53:04 +0000 2026;@ocehangaluh Kak kamu pasti dlu waktu bencana sumatera mati suri kah?? Atau baru tau cara maen sosmed atau punyanya aps x aja kah. Klo nimpa mikir punya otaq kok dipajang doang #IZINNNNN;negatif
Sat Jan 24 21:41:27 +0000 2026;@nararay__ @DerXpan3407 @fulfieldcitizen @rizalakbarm_ Lu minta moral gara2 gak di follow. Terus moral pemerintahan Wowo kemana pas banjir gelondongan sumatera. Gak ditetapkan status bencana. Nah baru deh itu minta moralnya. Ya kejadian 98 emg ga bisa dih;negatif
Sat Jan 24 21:28:11 +0000 2026;@ocehangaluh Karena anda juga kepo maka algoritma menyodorkannya. Timeline saya isinya masih antara hujatan ke negara kelakuan US yg semakin kocak dan bencana Sumatera yg belum pulih.;negatif
Sat Jan 24 21:12:38 +0000 2026;@kangdede78 Sma aja semua sosmed punya manusia purbanya. Di sini di sana sama aja. Di Tiktok sy bahkan nemu org yg becandain bencana Sumatera ;negatif
Sat Jan 24 21:08:08 +0000 2026;@termul_ Gw cari2 berita relawan jokowi turun ke bencana sumatera gak nemu yah oh gw lupa relawan jokowi jadi relawan buat nyari lemparan sembako.;negatif
Sat Jan 24 20:56:09 +0000 2026;@CindyHapsari_ Dikatain nirempati sama pencoblos pelanggar ham berat sama yg tutup mata sama bencana di sumatera yg makan banyak korban dan anak2 yg keracunan mbg wkwkkskkw wah-wah pencapaian sih;negatif
Sat Jan 24 20:55:08 +0000 2026;@nrfachri *insert komentar-komentar tiktok orang orang paling bermoral supporter prabs soal bencana sumatera*;negatif
Sat Jan 24 20:48:42 +0000 2026;@MADASNUSANTARA PAM JAYA BERI HIBAH CSR PROGRAM SEDEKAH SATU JUTA AL QURAN MADAS NUSANTARA UNTUK BENCANA SUMATERA ACEH DAN SUMBAR Jakarta -- Perusahan Air Minum PAM JAYA mendukung Program Sedekah Satu Juta Al quran Madas Nusantara untuk dibagikan ke korba;positif
Sat Jan 24 20:37:24 +0000 2026;PAM JAYA BERI HIBAH CSR PROGRAM SEDEKAH SATU JUTA AL QURAN MADAS NUSANTARA UNTUK BENCANA SUMATERA ACEH DAN SUMBAR Jakarta -- Perusahan Air Minum PAM JAYA mendukung Program Sedekah Satu Juta Al quran Madas Nusantara untuk dibagikan ke korban bencana Sumatera Aceh dan Sumbar. https://t.co/KT7DcZ5G4Z;positif
Sat Jan 24 20:31:07 +0000 2026;Berisik. Lu nggak ngerasain ada keluarga yang meninggal dan jadi korban bencana Aceh dan Sumatera. Saudara gue ada yang meninggal di Padang waktu bencana terjadi yang di Aceh masing hilang.;negatif
Sat Jan 24 19:33:43 +0000 2026;cuma ngetwt ga ngaruh juga jingggg ga bikin jutaan orang mati kek bencana sumatera keracunan mbg genosida penculikan aktivis bikin kebijakan yg nginjek2 rakyat. peler lu emg harus jd orang susah dulu biar lu bisa mikir kalo semua hal itu emg politik tolol;negatif
Sat Jan 24 18:37:40 +0000 2026;Diabaikannya korban bencana di Sumatera karena politik banyak korban di Gaza Palestina juga karena politik. Lu bisa nge-tweet kayak begini juga karena politik perempuan bisa pake jilbab punya transportasi publik nasi sebagai makanan pokok juga karena politik. Dongo!;negatif
Sat Jan 24 18:32:01 +0000 2026;aceh sumatera mandiri pasca bencana. visi pemerintah yang tegas ;positif
Sat Jan 24 17:54:41 +0000 2026;@babijoged Parah sih elu mah kayak baru main di X ajah. Segitu banyak netizen yg perduli dgn bencana di Sumatera sampai beberapa kali jadi trending topic di X tapi lu gak tahu dan malah nuduh semua bodo amat. Kacau lu bray.;positif
Sat Jan 24 17:26:53 +0000 2026;Bencana banjir besar di sumatera kemaren itu akibat dari politik makan banyak korban Makan Beracun Gratis juga akibat dari politik Lu nge-twit gini juga akibat dari nyokap lu yang jadi kader gerindra akibat dari politik juga tuh;negatif
Sat Jan 24 17:19:34 +0000 2026;@InisialDims @wurttbach @oyasumirama Lo gimana ngeliat bencana di Sumatera terus tanggapan lo tentang rezim ini menangani bencana ini gimana?;negatif
Sat Jan 24 17:09:41 +0000 2026;BNPB mencatat jumlah korban meninggal dunia akibat banjir dan tanah longsor yang melanda Provinsi Aceh Sumatera Utara dan Sumatera Barat mencapai 1.200 jiwa hingga Senin (20/1). #ANTARAkabarkanbangkitsumatera https://t.co/Cr4GJA6XFx;negatif
Sat Jan 24 17:08:39 +0000 2026;BNPB memastikan sebanyak 1.757 03 ton atau 99 76 persen dari total bantuan logistik yang tersedia hingga Senin (20/1) sudah disalurkan kepada korban banjir dan tanah longsor di Aceh Sumatera Utara dan Sumatera Barat. #ANTARAkabarkanbangkitsumatera https://t.co/HeI1RzPtjD;positif
Sat Jan 24 17:07:54 +0000 2026;BNPB mengintensifkan Operasi Modifikasi Cuaca (OMC) serta mempercepat pembangunan hunian sementara (huntara) untuk menekan risiko dampak bencana susulan di wilayah Aceh Sumatera Utara dan Sumatera Barat. #ANTARAkabarkanbangkitsumatera https://t.co/Hcjygp2STP;positif
Sat Jan 24 17:02:08 +0000 2026;@gominnie_ Ini gimana dong???? Respon kaum lo pas bencana Sumatera aja begini? Ribuan nyawa melayang ini influencer yang sekaum sama lo sembah https://t.co/v1SWEpgsIf;negatif
Sat Jan 24 17:00:51 +0000 2026;PT PLN melaporkan pemulihan listrik hampir tuntas di semua desa yang terkena bencana banjir di Sumatera kecuali jaringan kelistrikan di Aceh yang masih menghadapi tantangan berat. #ANTARAkabarkanbangkitsumatera https://t.co/7jBzZDn1dV;positif
Sat Jan 24 16:53:44 +0000 2026;@Benoe_Adja @SumandoGaek Libur akhir tahun aja byk yg minta stop biar dananya dialihkan ke korban bencana sumatera nyap2 aja. Pokoknya MBG hrs kudu wajib ttp jalan. Stopnya tggu kiamat. Rugi dong SPPGnya jg butuh THR lebaran.;negatif
Sat Jan 24 16:51:37 +0000 2026;PT PLN (Persero) menyatakan bencana banjir besar di Aceh Sumatera Utara dan Sumatera Barat sebagai titik balik dalam penanganan sistem ketenagalistrikan nasional. #ANTARAkabarkanbangkitsumatera https://t.co/riRKwhpJLV;positif
Sat Jan 24 16:42:19 +0000 2026;sementara kaum kaum yg nangisin influencer 02 ngekaitin ini sama TRAGEDI BENCANA sumatera: https://t.co/2DUIsqsIJN;negatif
Sat Jan 24 16:41:07 +0000 2026;@CindyHapsari_ terus kaum kaum lu pd yg nangisin influencer 02 ini ngapa ngekaitin sama bencana Sumatera?? lu pada lagi bela nabi apa gimana dah heran?? moral lu semua tuh yg rapuh dan kotor mah https://t.co/b1EC6rVemb;negatif
Sat Jan 24 16:37:41 +0000 2026;@AgungPr06804104 @schattzt @CindyHapsari_ at least kalau posisinya sebagai publik figur (siapapun itu) yang punya audiens cukup banyak dia perlu ikut bersuara utk menunjukkan keberpihakannya. kalo giliran ada influencer yg meninggal kayak gini pada bersuara;negatif
Sat Jan 24 16:30:58 +0000 2026;1 orang mati konyol karena kebodohan sendiri gaada artinya dibanding ribuan korban gak bersalah yg meninggal akibat bencana di sumatera bang. Pikir kalo punya otak.;negatif
Sat Jan 24 16:26:40 +0000 2026;Kasatgas Percepatan Rehabilitasi dan Rekonstruksi Pascabencana Sumatera Tito Karnavian resmikan Huntara Kayu Pasak di Kabupaten Agam Sumatera Barat pemindahan pengungsi ke hunian yang layak. #TitoKarnavian #Huntara #Pascabencana #Agam #SumateraBarat https://t.co/Kdp1sNti7S;positif
Sat Jan 24 16:23:39 +0000 2026;Perum LKBN ANTARA mengirim tim liputan khusus Bangkit Sumatera ke Aceh Sumut dan Sumbar untuk memperkuat publikasi langkah percepatan rehabilitasi dan rekonstruksi berbagai fasilitas terdampak bencana. #ANTARAkabarkanbangkitsumatera https://t.co/LtdqfoYuAD;positif
Sat Jan 24 16:23:06 +0000 2026;@printerjingga Lebih sakit mana sama orang yang milih PENJAHAT JADI PRESIDEN? Yang udah jelas backgroung-nya gimana?? Konteks gua masih sama kita lagi bahas soal bencana Sumatera 'kan? Iya nggak bengkel jeruk cipanas?;negatif
Sat Jan 24 16:10:46 +0000 2026;@nunnuuu___ @gulingberdaging @sobisobirei ngomongin nyawa? itu korban mbg hasil calon yg dia promosiin gmn? korban bencana sumatera dan aceh sampe skrg blm selesai jg gmn? udah 1000 nyawa lebih melayang ko lu ga koar2??;negatif
Sat Jan 24 16:04:43 +0000 2026;PIDANA DONG..! Setelah #prabowo Cabut Izin 28 Perusahaan Penyebab #Bencana Sumatera Apa Selanjutnya? #PrabowoLindungiHutan https://t.co/1eacL4LKIi lewat @BERGELORA.COM;positif
Sat Jan 24 15:56:44 +0000 2026;@jefelfth Setuju solidaritas nasional memang kuat di tengah bencana banjir dan longsor di Sumatera. Berdasarkan data BNPB per 24 Januari 2026 korban tewas mencapai 1.201 jiwa 113 ribu mengungsi. Pemerintah telah lakukan 532 sorti modifikasi cuaca dan dist;positif
Sat Jan 24 15:51:15 +0000 2026;Orang Sumatera nih masih kelelep bencana 600 manusia warga negara masih ditahan tahanan politik paska aksi ada yg meninggal dalam sel negara kita join gerbong politik luar negeri Israel dan rakyat Indon banyak yg milih nangisin influencer 02 narkoboy mati???;negatif
Sat Jan 24 15:39:05 +0000 2026; Ketika alam menangis kita baru belajar peduli. Sumatera terluka. Bandung berduka. Bekasi tenggelam. Ini bukan cuma bencana ini peringatan. Bumi nggak marah bumi capek. Doa kami untuk semua saudara yang terdampak #PrayForIndonesia #IndonesiaBerduka #BencanaAlam https://t.co/OxVw2CCzDv;positif
Sat Jan 24 15:38:59 +0000 2026;apakah prabowo sudah memberikan statement minta maaf dan merasa bela sungkawa serta minta maaf pas tragedi aceh dan sumatera? pdhal dia punya aset lahan di sana secara ga lgsg dia juga yg bikin bencana itu..;negatif
Sat Jan 24 15:37:58 +0000 2026;Gua tanya bencana di Sumatera udah ditetapkan jadi bencana nasional belum sama Presiden yang lu agung-agungkan itu? Siapa yang berperan besar sampai Sumatera terlalu lama untuk pulih?;negatif
Sat Jan 24 15:34:07 +0000 2026;@tanyarlfes ????? YANG KERACUNAN MBG APA GA KARNA POLITIK???? YG SUMATERA GA SEGERA JADI BENCANA NASIONAL APA GA KARNA POLITIK???? KOCAK LU;negatif
Sat Jan 24 15:25:55 +0000 2026;[ TEUCHARITY VOL.2 : TEUME INA PEDULI SUMATERA ] Project Treasure Maker Indonesia @_treasuringlove bersama dengan @rumahzakat berupa donasi non-uang alhamdulilah telah tersalurkan ( bersama dengan komunitas lain ) langsung kepada saudara-saudara kita yang terdampak bencana https://t.co/z1GzcDdGUk;positif
Sat Jan 24 15:11:33 +0000 2026;mana palestinaa pas bencana sumatera ikutan donasi walaupun lagi ga baik baik aja presnya malah begini;negatif
Sat Jan 24 15:04:07 +0000 2026;@amandahalbach Asli sih... Padahal kalau mau stalking akun2 yg ngributin Jakarta banjir/artis meninggal pasti ada cuitan/repost tentang bencana Sumatera juga wkwkw;positif
Sat Jan 24 14:58:02 +0000 2026;@ArasyZidande Terima kasih atas tag-nya! Berdasarkan data resmi dari Kemendikdasmen dan Menko PMK per Desember 2025 pemulihan sekolah pasca-bencana di Sumatera Utara ;positif
Sat Jan 24 14:57:37 +0000 2026;@tub_gs @schattzt @CindyHapsari_ kak tp perampokan gabisa dikaitin sama politik sedangkan bencana sumatera tuh berkaitan politik bgt korban disana udah banyak bgt dan bukan sekedar angka. tp apa ada yg dihukum? padahal udah terbukti karna perusakan hutan;negatif
Sat Jan 24 14:57:35 +0000 2026;@kusumamsa Benar sekolah adalah fondasi pemimpin masa depan. Berdasarkan data Kemendikdasmen pemulihan pendidikan pasca-bencana di Aceh dan Sumatera capai 90% per Januari 2026 dengan target rehabilitasi selesai akhir tahun. Semangat terus!;positif
Sat Jan 24 14:55:24 +0000 2026;@adyynfkrie Setuju generasi emas Indonesia harus terlindungi dari dampak bencana. Menurut Kementerian Pendidikan pemulihan pendidikan di Sumatera ;positif
Sat Jan 24 14:55:14 +0000 2026;@jnjmax @im_yourdawn @rzlhmdfz @CindyHapsari_ Lah ga ada yg bahas anak abah disini elu aja yg dongo gegara bilang bencana di Sumatera ga ada sangkut pautnya sama politik dongo dongo lu gapapa voter 02 tapi melek lah pemerintah salah ko dibela;negatif
Sat Jan 24 14:54:57 +0000 2026;@AyuditaLaras Terima kasih atas apresiasinya! Pemerintah Indonesia memang sedang gencar merevitalisasi sekolah dengan target 71.000 unit di 2026 fokus pada perbaikan fisik dan pasca-bencana (seperti di Sumatera ;positif
Sat Jan 24 14:54:47 +0000 2026;@putditya2 Setuju pemulihan pendidikan pasca-bencana di Aceh dan Sumatera mencapai 85-90% per laporan Kemendikdasmen. Target semester genap mulai 5 Januari 2026 dengan revitalisasi 70 ribu sekolah sepanjang tahun. Semoga cepat tuntas! Sumber: https://t.co;positif
Sat Jan 24 14:53:51 +0000 2026;@rvnthaliaa Setuju capaian 90% pemulihan pendidikan pasca-bencana di Sumatera dan Aceh menunjukkan kolaborasi efektif antara pemerintah pusat dan daerah. Data terbaru menyebut sekolah terdampak siap beroperasi awal Januari 2026 dengan dana Rp94 miliar unt;positif
Sat Jan 24 14:53:25 +0000 2026;Kata jamet waktu bencana sumatera itu lembang kena bencana karena jawa barat minta merdeka..ijin Video: Longsor di Cisarua Bandung Barat 6 Orang Tewas-84 Masih Hilang https://t.co/XPQMjRMdLd;negatif
Sat Jan 24 14:53:08 +0000 2026;@jefelfth Senang mendengar senyum anak-anak kembali! Menurut Kementerian Pendidikan pemulihan pendidikan pasca-bencana di Sumatera dan Aceh sudah capai 90% dengan fokus pada kualitas belajar dan rehabilitasi. Semoga terus maju!;positif
Sat Jan 24 14:50:54 +0000 2026;korban bencana sumatera waktu minta bantuan ke sosial media dimaki maki kurang bersyukur sama laler laler;negatif
Sat Jan 24 14:47:22 +0000 2026;@LawlietL69 @sobisobirei kan mereka berdua bukan pemerintah sekarang yg 1. kerjasama sama US n Israel 2. punya jutaan hektar hutan sawit di sumatera + kalimantan 3. ga netapin bencana nasional ketika ribuan orang meninggal dst. itu anies ganjar apa prabow;negatif
Sat Jan 24 14:40:54 +0000 2026;pemerintah andil dalam penanggulangan bencana #pemerintah #bencana #sumatera https://t.co/xaP2tcQ8C6;positif
Sat Jan 24 14:31:16 +0000 2026;ngomongin moril coba empatinya dikasih ke korban bencana banjir sumatera korban mbg korban lpg dan korban penculikan 98.;negatif
Sat Jan 24 14:30:50 +0000 2026;Mensesneg Prasetyo Hadi tak masalah ada sejumlah perusahaan di Sumatera yang masih beroperasi meski izin usahanya sudah dicabut oleh pemerintah imbas bencana Sumatera. . Malming KUHAP Lula Rancabolang Arap Xepher Rest in Love #NoTailToTellEp4 https://t.co/444O6vEzkM;negatif
Sat Jan 24 13:51:20 +0000 2026;Bantuan Bencana Sumatera Didominasi Makanan Instan Kesehatan Anak Jadi Taruhan https://t.co/JXLkKoa5pW;negatif
Sat Jan 24 13:42:38 +0000 2026;@CocoLatii @aksara_putra52 @wurttbach @oyasumirama Lah kan sawitnya si prangentot yang bikin bencana banjir di sumatera? Aduh tolol banget emang si pendukung zionist gembrot pembunuh rakyat ini;negatif
Sat Jan 24 13:35:10 +0000 2026;@IskandarM1 @KangSemproel Disaat Palestina Yang Selalu Merayakan Indonesia Merdeka Yang Selalu Berharap Lebih. Dan Ikut Sumbang Donasi Untuk Korban Bencana Aceh - Sumatera... Eh Ternyata Ada Gogobrag Sawit Yang Menghancurkan Semuanya;negatif
Sat Jan 24 13:34:11 +0000 2026;@milespudgwe @tanyarlfes Halah ngomong noh sama voters 02 yang ngolok2 warga sumatera yang kena bencana;negatif
Sat Jan 24 13:32:31 +0000 2026;Pemerintah terus memastikan penanganan dan pemulihan bencana di Aceh Sumatera Utara dan Sumatera Barat berjalan cepat dan tepat. Di saat masyarakat membutuhkan Pemerintah Hadir. https://t.co/hTgJusd7c3;positif
Sat Jan 24 13:24:36 +0000 2026;@coffeetelattee_ Percuma bub mereka selalu ngeluh ini itu naik pas bencana Sumatera maren aj masih tetap tutup mata telinga bahkan otak pun udh gak kepakai pas pemilu aja aku dipaksa milih 02 fak sampai ribut di tempat sana;negatif
Sat Jan 24 12:54:23 +0000 2026;The audacity ini org ngeretweet reply ini meanwhile her lovely gemoy president gak becus ngurusin bencana di Sumatera dan ngedukung kolonialisme di palestina Empati my ass https://t.co/Pkpdmiw5fd;negatif
Sat Jan 24 12:46:37 +0000 2026;@Hanindyah_p @woynyie @munvess terus kematian orang-orang di sumatera karena bencana kemaren tuh apa kalo bukan karena pengaruh politik? everything is political even death kalo aja lo mau mikir dikit hanin. jangan keburu tololin orang;negatif
Sat Jan 24 12:17:23 +0000 2026;disuruh empati sama orang yang influencing milih pejabrut yang ogah netapin bencana nasional buat banjir sumatera. hampir dua bulan masih belum pulih dan 1200 orang jadi korban noh di sana empati gak lu? https://t.co/QvMQFRmqk8;negatif
Sat Jan 24 12:12:44 +0000 2026;@tempodotco Ga belajar dari Sumatera.. nanti kalo timbul bencana ga ada yg mau disalahin;negatif
Sat Jan 24 12:08:59 +0000 2026;@KAMONEGlX Reaksi mereka pas bencana Aceh dan Sumatera zero;negatif
Sat Jan 24 12:07:05 +0000 2026;coba lu ngetik perihal empati pas bencana banjir sumatera dgn ribuan korban jiwa pas siswa keracunan mbg/ ditabrak mobil mbg? banyak rakyat indo yg meninggal akibat pilihan politik lu lu koar2 ga soal empati? maybe pas pidato prab nganggep nyawa sebatas angka itupun lu ga tau;negatif
Sat Jan 24 12:03:39 +0000 2026;Karena Lula Lahfah banyak orang (yang clueless) akhirnya coblos Prabowo Gibran. Karena Prabowo Gibran yg kepilih dan tidak menjadikan bencana Sumatera sebagai bencana nasional 1200 orang meninggal akibat banjir Sumatera. Lebih parah meninggal 1200 orang daripada Lula Lahfah.;negatif
Sat Jan 24 11:58:39 +0000 2026;Daripada membangun lagi Sumatera pasca bencana presiden kalian sibuk ngurusin pembangunan imperialisme di Gaza.;negatif
Sat Jan 24 11:58:17 +0000 2026;@legod0965 @kangdede78 @aniesbaswedan Terus kalau yg didukungnya budeg gak bisa dengerin suara rakyat pendukungnya juga budeg gitu? Noh 2 bulan hampir separuh sumatera belum ada perubahan semenjak bencana gara2 orang budeg nyawit;negatif
Sat Jan 24 11:43:22 +0000 2026;Ya karna kantor pusatnya di jakarta jadi ya wajar cepat gerak perlu naik pesawat dll nuju kesana artinya BUTUH WAKTU bencana sumatera juga headlines Mulu kok kemaren lu nya aja kebanyakan nonton spongebob jadi gak ngeliat beritanya;positif
Sat Jan 24 11:40:45 +0000 2026;@tempodotco Belegug emang Saha sih ide pencetus eta sawit? Nyaho geus Aya contoh eta lahan sumatera anu di tanem sawit teh jadi bencana EK di jieun kumaha deui atuh Sing karasa Tah Kana awakna;negatif
Sat Jan 24 11:38:43 +0000 2026;Gue yakin lu nggak ngomong begini ke lula dan antek2 sejenisnya pas ada bencana di sumatera dan aceh kemarin yang nelen ratusan korban jiwa did you? Moral moril your ass!!;negatif
Sat Jan 24 11:35:23 +0000 2026;((gapernah kayanya almh nyakitin orang)) well orang2 yg meninggal di bencana sumatera anak anak yg meninggal keracunan mbg nenek2 meninggal karena antri gas. semuanya meninggal karena pemimpin yang dia pilih DAN DIA PROMOSIKAN. kont;negatif
Sat Jan 24 11:32:03 +0000 2026;@CindyHapsari_ Mending bersimpati ke korban bencana di Sumatera daripada artis ;positif
Sat Jan 24 11:26:42 +0000 2026;Satgas Penanggulangan Bencana Alam (Gulbencal) Kodam I/Bukit Barisan @kodam1bb_ telah menyelesaikan pembangunan Jembatan Aramco di Lingkungan IV Kelurahan Hutanabolon Kecamatan Tukka Kabupaten Tapanuli Tengah Sumatera Utara Kamis (22/1/2026). Jembatan tersebut kini sudah https://t.co/6RkteXKDqX;positif
Sat Jan 24 10:50:54 +0000 2026;@babijoged Karna lu ngetik dengan jelas semua orang bodo amat padahal bencana aceh sumatera itu rame bgt yg donasi ;positif
Sat Jan 24 10:46:21 +0000 2026;Gua rasa orang yang posting begitu justru orang yang gak benar-benar serius berempati terhadap bencana sumatera. Kok masih ada pertanyaan Pada ke mana? . Kayak..... Lu punya mata buat melihat tidak digunakan??????? What the fak.;negatif
Sat Jan 24 10:43:36 +0000 2026;Staff PMI Banjarnegara yg ditugaskan di wilayah Prov. Sumatera Barat melakukan kordinasi dg pengurus dan kepala markas PMI Provinsi Sumatera Barat terkait pelibatan masyarakat dalam upaya meningkatkan pelayanan dan akuntabilitas PMI dalam penanganan dan pemulihan pasca bencana https://t.co/zfGcTeVCHW;positif
Sat Jan 24 10:32:55 +0000 2026;Voter 02 juga dah merasakan efeknya. Anaknya keracunan MBG jadi korban bencana Sumatera jadi satu barisan sama zionis dll. Politik gak sesempit itu semua orang bisa kena kebijakan buruk.;negatif
Sat Jan 24 10:29:39 +0000 2026;Dan masih pada ributin influencer yang barusan meninggal dunia???? Helll noo yahh gampang bgt pada jadi kaum ganti topik presiden lu noh gabung zionist dan bencana sumatera belom beres sampe sekarang!!!!;negatif
Sat Jan 24 10:24:26 +0000 2026;Menteri Koordinator Bidang Infrastruktur dan Pembangunan Kewilayahan AHY menyatakan bahwa pemulihan korban bencana banjir dan longsor di Aceh dan sumatera harus dimulai dari rumah karena itu segala-galanya. #ANTARAkabarkanbangkitsumatera https://t.co/8loYxiZai4;positif
Sat Jan 24 10:24:10 +0000 2026;@yourrhoneydew @onetwocue Terus kemarin bencana sumatera yang meninggal sampe ribuan gimana???;negatif
Sat Jan 24 10:20:52 +0000 2026;Saya mendampingi Menteri Dalam Negeri sekaligus Ketua Satuan Tugas Percepatan Rehabilitasi dan Rekonstruksi Pasca Bencana di Wilayah Sumatera Bapak Tito Karnavian meninjau wilayah terdampak bencana di Kabupaten Tapanuli Tengah. Kami meninjau proses normalisasi sungai yang https://t.co/5VO6qfuFcp;positif
Sat Jan 24 10:16:39 +0000 2026;@__adiningrat @mhuseinali Udah jelas kita kena dampaknya hari ini bencana sumatera kmrin udah jelas bukti tapi orang orsng masi aja tolol;negatif
Sat Jan 24 10:09:54 +0000 2026;@FhVideo33630 @AghaarXx Eh Gblok Presiden lu ga nangis ribuan warga Sumatera meninggal. Ga ada empati Mbg tetep jalan seminggu stop dana nya alihkan ke bencana gabakal stunting anak2 Indon. Ini warga sendiri ngetwitt bkn provokasi bukan kebencian gatau &a;negatif
Sat Jan 24 10:06:34 +0000 2026;bedalah anjirrr. prabowo buat bencana di sumatera yg bahkan sampe skrg blm ada perubahan blm yg keracunan mbg lu bandingin sm dia yg cuma partying 02 voters death;negatif
Sat Jan 24 09:25:41 +0000 2026;simpati? presiden lu noh pake pajak buat join agenda trump blm lagi case keracunan mbg sppg diangkat jd pegawai while honorer yg barangkali dah puluhan tahun mengabdi... ditambah bencana sumatera yg ntah gmn kabarnya sekarang judol... may all zionists and 02 voters rot in hell;negatif
Sat Jan 24 09:23:36 +0000 2026;Badan Nasional Penanggulangan Bencana mempercepat pembangunan hunian sementara dan hunian tetap bagi korban banjir dan longsor di Kabupaten Tapanuli Selatan Sumatera Utara. Langkah ini dilakukan untuk mempercepat pemulihan warga terdampak agar segera keluar dari lokasi https://t.co/YaHaIos2rP;positif
Sat Jan 24 09:22:18 +0000 2026;@FhVideo33630 @AghaarXx harusnya lu marah gini pas bencana aceh sumatera bahkan warga miskin lainnya;negatif
Sat Jan 24 09:18:33 +0000 2026;Dari tanggap darurat menuju pemulihan pemerintah menghadirkan huntara bagi masyarakat terdampak bencana di Aceh Sumatera. #indonesiapulih https://t.co/6WZOOi4FZv;positif
Sat Jan 24 09:17:37 +0000 2026;Pemerintah hadir membangun rumah sementara bagi korban bencana Aceh Sumatera memastikan warga tetap terlindungi dan tidak sendirian menghadapi masa sulit. https://t.co/CULwouY4Ea;positif
Sat Jan 24 09:13:07 +0000 2026;Haru seorang Ibu korban Bencana di Aceh terharu bertemu kmbali Menko AHY kali ini dalam situasi lebih baik semangat Menko @AgusYudhoyono bersama Menteri2 dari @PDemokrat Terus bekerja keras membantu Presiden @prabowo sejak awal hingga kini dlm proses pemulihan bencana Sumatera https://t.co/ua8kM0KIhF;positif
Sat Jan 24 09:06:15 +0000 2026;@UTDYoda_ @onetwocue penangan korban bencana Sumatera yg ala kadarnya lu pikir kaga too much??? Blok goblok;negatif
Sat Jan 24 08:50:49 +0000 2026;@mwhaironi @coacu halah bacot baxot bacotttt buzzer ngentot meninggal aja sono loe Wowok dikatain mah kaga sebanding sama sikap dia ke bencana sumatera atau sikap dia ke orang Palestina dgn gabung ke kumpulan goblok bikinan Trump ngentot buat nge akomodir;negatif
Sat Jan 24 08:49:32 +0000 2026;Pemulihan Pendidikan Pasca Bencana Capai 90 Persen Sekolah di Sumatera-Aceh Mulai Normal Kembali https://t.co/8eanW7cJmx;positif
Sat Jan 24 08:41:03 +0000 2026;Peduli Korban Bencana Lapas Wahai Donasikan Hasil Panen Jagung ke Sumatera https://t.co/W5QH4j99qw;positif
Sat Jan 24 08:27:40 +0000 2026;@babijoged SEMUA BODO AMAT? Matamu kak. aku salah satu yang peduli terhadap bencana di sumatera. mau cerita takut kena ain. jadi ya udah intinya saya peduli hingga saat ini;positif
Sat Jan 24 08:15:18 +0000 2026;Ini bukan bencana banjir dan longsor di Sumatera tapi di New Zealand. Kapan orang2 sadar tentang pemanasan global? Tambahan: Kapan oposan upgrade IQ sehingga bisa melihat hal beginian dgn lebih objektif?;negatif
Sat Jan 24 08:04:59 +0000 2026;Preventifnya kepemimpinan sekarang adalah pelaku dia punya lahan di Sumatera dia pelaku langsung melanjutkan bobrok sebelumnya bahkan yang mengeksekusi gak ada upaya mencegah apalagi memberantas. Represifnya pun gak diseriusi menolak buat status bencana nasional dan bantuan;negatif
Sat Jan 24 07:55:53 +0000 2026;@BangPino__ @DediMulyadi71 Tak perlu Koar2 ke KDM. Rakyat Jabar sudah percaya ke KDM. KDM berjasa besar kepada Rakyat Jabar. anda yg ga ada jasa nya jangan keseringan komen JABAR. Rakyat Jabar ikhlas KDM bantu secara Moril dan materil rakyat Sumatera yg t;positif
Sat Jan 24 07:17:49 +0000 2026;Wording nya agak nyelekit sih but lo2 pada yang suruh berempati emg gak ngeliat sodara2 kita di sumatera kemaren apa... lu kira itu gara2 siapa sampe mereka sengsara dan gak dianggep bencana nasional?? najis lah sok2an reset indonesia tapi fomo doang..;negatif
Sat Jan 24 06:59:16 +0000 2026;@Daemonery @ambilinpiring @tempodotco Nah pertanyaannya sekarang kekayaan alam terlindungi gak di era dia? Bencana 3 provinsi Sumatera aja ga bisa dia kelarin;negatif
Sat Jan 24 06:55:43 +0000 2026;Kementerian Pekerjaan Umum (PU) dan PT Adhi Karya (Persero) Tbk bergerak cepat menangani 21 aliran sungai terdampak bencana banjir di Provinsi Sumatera Barat. #ANTARAkabarkanbagikansumatera https://t.co/jzoA6zJr75;positif
Sat Jan 24 06:51:54 +0000 2026;@termul_ Dia(Anis)uda banyak nyumbang dana buat bencana Sumatera(Provinsi Sumatera Timur Aceh Darussalam Sumatera Utara Sumatera Barat) tapi dana sumbangan masyarakat titip ke dia(Anis);positif
Sat Jan 24 06:43:54 +0000 2026;@babijoged Tolol lu kagak buka sosmed apa colay mulu di kamar? Dimana2 banyak yg open donasi nunjukin rasa berduka sampe2 semua fyp gua isinya bencana sumatera!;positif
Sat Jan 24 06:28:12 +0000 2026;Ini akun sibuk ngurusin yg meninggal kayak sedih bgt giliran korban bencana di sumatera gaada speak up. Emang org indon hobi bgt ngurusin artis or infulencer;negatif
Sat Jan 24 06:22:09 +0000 2026;1 lg cuitan tolol... Org meninggal pun jd konsumsi ketololan yg dikaitkan dgn MBG bencana Aceh dan Sumatera Soeharto...;negatif
Sat Jan 24 06:16:13 +0000 2026;@salsabium @raachun Kita diem darimana ajg pas banjir sumatera?? Bahkan hingga saat ini masih banyak bantuan yang tersalurkan buat korban banjir di sumatera melalui kita bisa. 1 orang influencer yang meninggal setelah gue cari tau itu pacarnya reza arap y;positif
Sat Jan 24 06:14:48 +0000 2026;@8haoru @febiads Lah terus apa hubungannya sama almarhumah goblok? Lu pikir banyak yg empathy sama almarhumah gada yg empathy sama korban mbg bencana sumatera dan korbannya si soeharto? Pahami bagian emphatynya lah tolol;negatif
Sat Jan 24 06:08:23 +0000 2026;mendoakan for what? for making thousand of people dying and suffering in sumatera? or for being PENJAHAT HAM yang gapernah dihukum secara pantas? orr for being negara yg bersekutu sama israel padahal malaysia/thailand tetep non blok? i bet lu bukan korban bencana karena keseraka-;negatif
Sat Jan 24 06:05:17 +0000 2026;ribuan orang meninggal karena bencana di sumatera ribuan kasus mbg karena program presiden tolol lu itu. btw gw bukan 01 voters lol apa2 anis apa┬▓ anis ahhaha presiden lu tuh nyawit;negatif
Sat Jan 24 05:58:41 +0000 2026;@Alan_Atih_76 @ARSIPAJA Menurut berita dari Kompas dan sumber lain Presiden Prabowo cabut izin 28 perusahaan di Sumatera karena pelanggaran hutan yang sebabkan bencana. Istana izinkan mereka lanjut operasi sementara agar tak ganggu ekonomi ;negatif
Sat Jan 24 05:55:21 +0000 2026;Jangan-jangan 1.000 tambang ilegal ini sama ceritanya dengan puluhan perusahaan pasca bencana banjir Sumatera izinnya dicabut tapi masih bisa beroperasi https://t.co/tR9PZksB88;negatif
Sat Jan 24 05:44:14 +0000 2026;@vellichorpena @kafiradikalis Sepi2 aja ahh di x beda sm bencana di sumatera kmrn Sorry bkn mau adu nasib tp kalau dikit2 dikaitkan pengalihan isu dll ya gblk aja emg;negatif
Sat Jan 24 05:42:06 +0000 2026;@havimon @indoaiueo @coacu yauda lu ngomong ke mba influencer ini atau aktivis┬▓ lainnya gih soal MITIGASI biar ga ditangkep Ohiya mrk kan udah melakukan MITIGASI yg lo bilang ga ngomong kasar atau menghina tapi NGARUH TUH alias tetep ditangkep https://t.;negatif
Sat Jan 24 05:39:19 +0000 2026;@8haoru pas assisten pribadi menikah beliau menangis lihat korba bencana sumatera kumat mau bikin kebun sawit lagi. monokontil;negatif
Sat Jan 24 05:36:08 +0000 2026;@tehmanis981 @indepenSumatera Jgn salahin warganya salahin medianya yg gak adil. Kami yg di Jawa jg ttp bersuara kpd Pemerintah agar menetapkan status bencana nasioal untuk Sumatera ;negatif
Sat Jan 24 05:33:52 +0000 2026;Menteri Maman Abdurrahman Minta Marketplace Buka Laman Khusus Produk UMKM Korban Bencana Sumatera Menteri UMKM Maman Abdurrahman https://t.co/CunjjcBTeA #golkarsolid #partaigolkar #golkarpedia #bahlillahadalia #mamanabdurrahman https://t.co/mVtx7m7PNh;positif
Sat Jan 24 05:19:35 +0000 2026;indonesia ga menjadikan bencana di sumatera sbg bencana nasional pdhl menelan ribuan korban jiwa dan gabung board of peace dgn bayar 17T yg hrsnya bisa jd bantuan ke korban banjir bandang sumatera but you chose to be so noisy over feminism;negatif
Sat Jan 24 05:12:14 +0000 2026;Kalau ini benar dan Indonesia harus bayar iuran sebaiknya keluar saya dari Dewan bikinan Trumph ini. Katanya sdg efisiensi. Fokus saja kepada kondisi dalam negeri rehabilitasi pasca bencana Sumatera kesejahteraan guru honorer yg sangat minim angka pengangguran yg tinggi dan https://t.co/ALHpNrFE3B;negatif
Sat Jan 24 05:06:13 +0000 2026;Setelah melewati bencana yang memilukan maka usaha saudara kita untuk bangkit memerlukan dukungan. Sahabat Kompas kita bisa berkontribusi dalam mengiringi langkah pemulihan Sumatera usai bencana melalui upaya nyata. #GitarisUntukNegeri #KompasGramedia #EnlighteningPeople https://t.co/cCkFuQEWoD;positif
Sat Jan 24 05:04:04 +0000 2026;@tanyarlfes Gak ada sama sekali juga gw liat┬▓ posting tentang bencana kemarin di Sumatera aceh ya ngapain sedih┬▓ .;negatif
Sat Jan 24 05:02:25 +0000 2026;Pak udah liat korban bencana di aceh? Sumatra barat? Sumatera utara? Sudah liat paras wajah guru honorer? Sudah lihat jelas muka tenaga medis baik relawan maupun nakes? Sudahkah bapak lihat raut wajah para demonstran pada saat itu? Apakah mereka tersenyum? Statement nya aneh;negatif
Sat Jan 24 05:00:00 +0000 2026;Siapa saja bisa menjadi perpanjangan tangan untuk pemulihan Sumatera setelah terjadinya bencana. Konser Amal Gitaris Untuk Negeri: Donasi untuk Pemulihan Sumatera yang akan diadakan pada Senin 26 Januari 2026 di Studio 1 KompasTV menghadirkan 18 gitaris ternama sebagai bentuk https://t.co/dkI5aMYD7o;positif
Sat Jan 24 04:59:59 +0000 2026;@8haoru bisa gak ya kalo orang berduka ga disangkut pautin ke dia voter 02 atau apapun itu. ini kondisi berduka. tolong otaknya dipakai dan semua lun ga pada diem perihal bencana sumatera banjir keracunan mbg. semuanya menyuarakan mungkin kamu ga liat krn;positif
Sat Jan 24 04:51:13 +0000 2026;Puluhan seniman musik dan lukis tergabung di Konser Amal Gitaris untuk Negeri gelar pertunjukan amal dan lelang lukisan kumpulkan dana bantu korban bencana alam. #Seni #AdadiKompas https://t.co/dQ69UetHaU;positif
Sat Jan 24 04:46:39 +0000 2026;Pemerintah Hadir untuk percepatan pemulihan infrastruktur pasca bencana banjir Aceh sumatera #BersamaPulihkanSumutAceh https://t.co/OdBLKejsvM;positif
Sat Jan 24 04:44:33 +0000 2026;@8haoru lu idup dimana gw tanya bilang pd diem pas lg bencana sumatera itu.. gausa sok edgy kalo ngetik masi asbun kocak;negatif
Sat Jan 24 04:38:41 +0000 2026;Presiden yg mereka promosiin lebih milih bayar 1 Milyar USD buat melanjutkan penjajahan di Palestina dibandingkan menggelontorkan dana untuk pemulihan Sumatera setelah bencana.;negatif
Sat Jan 24 04:34:08 +0000 2026;Bridgestone Indonesia menyalurkan bantuan bencana di Sumatera sekaligus menjalankan Road Safety School Program 2025 di Bekasi. https://t.co/Me9ZQ7Q5G4;positif
Sat Jan 24 04:26:33 +0000 2026;stop bawa bawa bencana Sumatera dll ke situasi ini deh;negatif
Sat Jan 24 04:25:54 +0000 2026;@azied_13 @kafiradikalis heboh tuh jkt. btw dampaknya separah aceh sumatera ga? fyi banyak daerah lagi kebanjiran bukan jkt doang. jabodetabek bdg juga. bahkan bdg barat longsor sejam yang lalu. masih mau adu nasib bencana?;negatif
Sat Jan 24 04:23:19 +0000 2026;dikatain diem dikatain gapunya empati atas bencana Sumatera bencana Mbg Soetarto dll sama orang yang GADA menyuarakan samsek wkwkwk;negatif
Sat Jan 24 04:20:57 +0000 2026;@8haoru Pada diem gimana sih kocak? Yg pada diem ini siapa maksud lu? Di Twitter rame banget soal bencana di Sumatera dan keracunan MBG;positif
Sat Jan 24 04:20:12 +0000 2026;Bagian urusan surga/neraka itu biar Tuhan yang menentukan. Tapi posisi sebagai influencer yang punya banyak power dan digunakan untuk mengkampanyekan sekutu zionis sampai berita kematiannya lebih cepat beredar daripada FAKTA bencana sumatera....;negatif
Sat Jan 24 02:41:14 +0000 2026;Presiden Prabowo Subianto Cabut Izin 28 Perusahaan Perusak Alam di Aceh dan Sumatera Langkah tersebut merupakan komitmen tegas pemerintah dalam menyelesaikan permasalahan sebab akibat bencana yang melanda Aceh Sumatra.Pemerintah Hadir untuk pemulihan. https://t.co/jClK24q23y;positif
Sat Jan 24 02:33:07 +0000 2026;@babijoged Padahal anak jakarta yang lo katain itu juga banyak yang ikut donasi pas bencana Sumatera kemarin. Biar gue tebak lu bahkan bukan orang Sumatera. Lu cuma orang yang bikin konflik horizontal cuma buat naikin engagement akun lu;positif
Sat Jan 24 02:13:13 +0000 2026;Menembus wilayah Pining Gayo Lues banyak jalan dan jembatan putus. Hingga hari ini (January 26 2026) dua bulan paska bencana Banjir Aceh Sumatera 2025 wilayah Pining masih terisolasi akibat banjir besar di Aceh Sumatera https://t.co/yuvrDYKmbz;negatif
Sat Jan 24 02:11:57 +0000 2026;@ARSIPAJA Dikiranya pendengar gk tahu penyebab bencana sumatera... memalukan lah.;negatif
Sat Jan 24 02:00:01 +0000 2026;Pasca bencana Sumatera warga terdampak kesulitan mengakses air bersih untuk memenuhi kebutuhan sehari-hari mereka. Alhamdulillah 10 Januari 2026 lalu Rumah Zakat secara resmi menyelesaikan pembangunan dan menyerahkan fasilitas sumur bor bagi warga penyintas banjir di Desa https://t.co/y85rHvvX4I;positif
Sat Jan 24 01:58:33 +0000 2026;Kementerian Sosial (Kemensos) menyalurkan santunan kepada ratusan keluarga dan korban banjir serta longsor di Aceh Sumatera Utara dan Sumatera Barat guna membantu pemulihan korban dan keluarga yang terdampak bencana. Laman #infografik: https://t.co/0E90DVQ0Jw https://t.co/pEgw6fLqAp;positif
Sat Jan 24 01:45:36 +0000 2026;@releasedope @einedame Presiden lu bencana sumatera dengan ego dan fantasinya sampai skarang masih belum terselesaikan guru honorer puluhan tahun diperlakukan sperti anak haram sok ngasih donasi milyaran ke palestina saat rakyatnya menjerit. Urus presiden;negatif
Sat Jan 24 01:42:41 +0000 2026;Prabowo - Gibran itu baru berjalan 1 tahun lebih. Harusnya @psi_id bisa mengeksploitasi posisi-nya untuk berbicara rakyat. Sayangnya mereka hanya mampu bicara kekuasaan semata di saat Sumatera belum pulih dari bencana. Tidak hanya sekali tapi berkali kali. https://t.co/WTC6mOdpCV;negatif
Sat Jan 24 01:26:39 +0000 2026;I remember my irl friend made a post saying things such ngapain ngurusin bangsa lain bangsa sendiri aj banyak yg kelaparan and then she proceed to be ’ĖÅ chooser. Dan waktu bencana nasional sumatera kejadian smpe detik ini g da bahas samsek. So glad shes no longer my friend;negatif
Sat Jan 24 01:23:28 +0000 2026;Padahal waktu banjir di Sumatera banyak orang juga berduka ikut membantu. Di Bantul semalam ada konser amal buat korban banjir di Sumatera. Kalau orang2 gak peduli gak bakalan mungkin mau donasi. Banjir di Jakarta juga dari dulu orang heboh. Aneh bgt bandingin bencana;positif
Sat Jan 24 00:47:12 +0000 2026;Menembus wilayah Pining Gayo Lues banyak jalan dan jembatan putus. Hingga hari ini (January 26 2026) dua bulan paska bencana Banjir Acrh Sumatera 2025 wilayah Pining masih terisolasi akibat banjir besar di Aceh Sumatera. Logistik makanan masih di pasok dari helicopter https://t.co/RnGuWTevMe;negatif
Sat Jan 24 00:31:49 +0000 2026;Pemerintah tanggap dan cepat dalam menangani bencana Aceh dan Sumatera. #Pemerintahbersamaaceh#Pemrintahhadir #acehsumaterabangkit #Pemerintahbersamakorbanbencana https://t.co/IfKslRNZFU;positif
Sat Jan 24 00:31:43 +0000 2026;Pemerintah bersama para korban bencana Aceh dan Sumatera! https://t.co/cORSa30qto;positif
Sat Jan 24 00:11:03 +0000 2026;@rayestu @KemenkeuRI jajaran kesuksesan politik mercusuar.. mbg join yang kek gini tapi lupa kalo masih ada saudara yang masih menderita karena bencana sumatera penguasa tidak hadir saat alam di ekploitasi secara keji penguasa keji membiarkan semua itu sa;negatif
Fri Jan 23 23:41:10 +0000 2026;@KemensetnegRI Dr pd bergabung dgn penjajah yg mau menghilangkan palestina dr peta dunia mending fokus itu pd bencana sumatera yg blm kelar2. Bentar lg ramadhan;negatif
Fri Jan 23 23:36:29 +0000 2026;@bestinformm Nih buat warga batak yg wilayahnya terdampak bencana di sumatera dan mereka masih pro trump tambah miskinlah kau;negatif
Fri Jan 23 23:26:16 +0000 2026;Bencana memang berat namun harapan tetap ada. Pemerintah bersama masyarakat bahu-membahu melakukan penanganan dan pemulihan di Sumatera. Langkah ini menjadi fondasi agar kehidupan warga bisa segera kembali normal. https://t.co/SIDxX8x6fJ;positif
Fri Jan 23 23:15:20 +0000 2026;@kozirama Buat bencana di Sumatera ngucurin dana susah buat ikut ginian ada anying emang.;negatif
Fri Jan 23 21:37:07 +0000 2026;Dan terjadi juga pemikiran satu bln lalu. Bencana banjir jabodetabek narasinya apa? Yak cuaca ekstrem. Karena tdk ada sawit. Padahal sama saja dgn di Sumatera. Sawit pun ada bukan baru 1-2 thn dan sgt jarang ada kabar banjir besar di sana. Tp otak2 org PINTAR menyalahkan sawit.;negatif
Fri Jan 23 19:51:21 +0000 2026;Hehe kalo perdamaian di tanah sendiri gimana pak? Oh iya kemarin bencana di Sumatera dan Aceh sampe sekarang pun tidak ditetapkan sebagai 'Bencana Nasional' lho. Banyak warga mengaku tidak mendapatkan bantuan yang sesuai dari negara. Eh ini malah.....;negatif
Fri Jan 23 19:03:43 +0000 2026;@ditorfnsy Setuju bantuan Rp3 juta per keluarga dari Kemensos ini memang realistis untuk isi rumah dasar pasca-bencana di Sumatera. Bisa beli peralatan dapur dan kebutuhan pokok. Semoga pemulihan lancar!;positif
Fri Jan 23 19:03:30 +0000 2026;@friskamand Terima kasih atas pesannya. Turut berduka atas bencana di Sumatera. Santunan Rp15 juta per ahli waris korban meninggal memang bagian dari bantuan Kemensos tahap pertama total Rp600 miliar untuk pemulihan. Semoga meringankan beban keluarga terd;positif
Fri Jan 23 19:02:42 +0000 2026;@sevianadir Setuju pendekatan langsung ini bisa kurangi birokrasi dan percepat bantuan ke korban bencana di Sumatera. Menurut data Kemensos Rp600 miliar tahap pertama fokus pada santunan jaminan hidup dan pemulihan ekonomi. Semoga penyalurannya tepat sasa;positif
Fri Jan 23 19:02:26 +0000 2026;@rzlprayog Setuju bantuan Rp3 juta per keluarga ini bisa bantu ringankan beban korban bencana di Sumatera. Pemerintah gerak cepat dan dampaknya positif buat pasar lokal penjualan barang dasar naik ekonomi berputar. Semoga distribusinya lancar dan tepat sa;positif
Fri Jan 23 19:02:01 +0000 2026;@indiramiw Terima kasih telah berbagi info ini! Kolaborasi KEMENSOS dengan TNI/Polri dan instansi lain memang solid untuk verifikasi data dan penyaluran bantuan bencana di Sumatera. Semoga program ini membantu pemulihan cepat. Ada pertanyaan lain?;positif
Fri Jan 23 19:01:24 +0000 2026;@NaranPradingdon Setuju program bantuan tunai Kemensos sebesar Rp600 miliar untuk korban bencana di Sumatera memang langkah cepat untuk pulihkan ekonomi. Santunan dan jaminan hidup bisa bantu jaga daya beli. Semoga distribusi lancar dan tepat sasaran!;positif
Fri Jan 23 19:00:50 +0000 2026;@mayratania44 Benar dukungan Rp600 miliar dari Kemensos untuk Sumatera pasca-bencana banjir dan longsor sangat signifikan. Fokus pada santunan ahli waris (Rp15 juta/orang) bantuan hunian dan pemulihan ekonomi. Total kebutuhan Rp2 triliun tahap pertama ini;positif
Fri Jan 23 19:00:40 +0000 2026;@ixwalmauln Setuju! Bantuan jaminan hidup Rp450 ribu/orang/bulan langsung ke warga tanpa perantara transparansi ketat dari Kemensos. Total Rp600 miliar tahap pertama untuk korban bencana Sumatera. Semoga tepat sasaran dan pemulihan cepat!;positif
Fri Jan 23 18:59:53 +0000 2026;@jwtakarml Setuju! Verifikasi berlapis oleh bupati kajari dll. memastikan data valid ;positif
Fri Jan 23 18:59:52 +0000 2026;@ditorfnsy Setuju santunan Rp15 juta per ahli waris dari Kemensos ini langkah baik untuk korban bencana banjir di Sumatera. Semoga bantuan ini benar-benar membantu pemulihan keluarga dan wilayah terdampak. Tetap kuat! ­¤ć«­¤ć®;positif
Fri Jan 23 18:59:29 +0000 2026;@jefelfth Setuju proses verifikasi dari BNPB hingga Dukcapil memang ketat untuk pastikan bantuan Rp600 miliar tepat sasaran bagi korban bencana di Sumatera. Berdasarkan info resmi Kemensos ini tahap pertama fokus pemulihan. Semoga lancar dan bermanfaat!;positif
Fri Jan 23 18:59:00 +0000 2026;bantuan tahap pertama ini bukti keseriusan pemerintah pusat. tegas ;positif
Fri Jan 23 18:58:37 +0000 2026;@gilalkarr Terima kasih telah berbagi info ini! Semoga penyaluran bantuan Rp600 miliar dari Kemensos berjalan lancar dan tepat sasaran untuk korban bencana di Sumatera. Doa terbaik agar pemulihan cepat.;positif
Fri Jan 23 18:58:22 +0000 2026;@indiramiw Setuju bantuan jaminan hidup Rp450 ribu/orang/bulan selama 3 bulan dari Kemensos ini langkah cepat untuk korban bencana di Sumatera. Total Rp600 miliar tahap pertama termasuk santunan dan pemulihan ekonomi. Semoga penyalurannya tepat sasaran ak;positif
Fri Jan 23 18:45:24 +0000 2026;@prabowo bisa nanti2 aja ga pak rapat2 begituannya urusin masalah di dalam negeri aja dulu selesain dulu ini bencana di Sumatera sekarang ditambah musim hujan banjir dimana2 akses jalan kemana2 susah. Rakyat banyak yg kelaparan susah berangkat kerja susah;negatif
Fri Jan 23 18:11:29 +0000 2026;@ARSIPAJA Dia ngomong gini dengan bencana sumatera yg terjadi karena allam dihancurkan wew;negatif
Fri Jan 23 18:06:11 +0000 2026;@bestinformm Uang darimana saudara yang di Sumatera Jawa Papua dll yang lagi kena bencana ya Tuhan;negatif
Fri Jan 23 16:38:45 +0000 2026;Pak..pak..daripd duit Rp 16 9 T buat utk jd dewan perdamaian Gaza mendingan duitnya dialokasikan buat para korban bencana sumatera atau juga pembangunan pasca gempa sumatera;negatif
Fri Jan 23 16:25:17 +0000 2026;Bencana sumatera blm beres malah hambur-hambur uang untuk z1onis;negatif
Fri Jan 23 16:11:09 +0000 2026;@hansssolo @narkosun Paham kekhawatiran soal penegakan hukum. Dari sumber resmi Prabowo cabut izin 28 perusahaan di Sumatera karena pelanggaran hutan penyebab bencana. KLHK konfirmasi operasi stop untuk restorasi lingkungan tapi Istana izinkan sementara a;positif
Fri Jan 23 16:06:38 +0000 2026;@Gerindra @prabowo Pikirin itu nasib korban bencana sumatera apa lg februari udh ramadhan.;negatif
Fri Jan 23 16:06:22 +0000 2026;@hansssolo @narkosun Ya prinsip Fiat justitia ruat caelum menekankan penegakan hukum mutlak. Dari sumber resmi Presiden Prabowo cabut izin 28 perusahaan di Sumatera karena pelanggaran hutan penyebab bencana. KLHK konfirmasi operasi mereka sudah stop tapi;positif
Fri Jan 23 15:57:59 +0000 2026;Anggota komisi II DPR RI Deddy Sitorus tajam menyoroti kinerja pemerintah dalam penanganan bencana sumatera dan aceh yang di nilai gagap. #fraksipdiperjuangan #bencanaaceh #bencanasumatera https://t.co/o63GeUBtqg;negatif
Fri Jan 23 15:25:59 +0000 2026;@FJujior15765 @jatamnas Pemerintah bergerak cepat bantu Aceh dan Sumatera jadi harapan baru buat masyarakat yang sedang diuji bencana;positif
Fri Jan 23 15:24:14 +0000 2026;Hadeh bencana sumatera udah dibantu palestina. kok malah ngikutin mamarika;negatif
Fri Jan 23 15:01:46 +0000 2026;@FJujior15765 @Aceh Bantuan dari pemerintah datang jadi harapan baru buat masyarakat Aceh dan Sumatera yang terdampak bencana;positif
Fri Jan 23 13:56:50 +0000 2026;BPBD Tapanuli Utara Sumatera Utara memastikan bantuan dampak bencana masih terus disalurkan bagi masyarakat yang terdampak. https://t.co/1pvxhytlm7;positif
Fri Jan 23 13:46:39 +0000 2026;@Kemlu_RI Kasihan rakyat korban bencana Sumatera seandainya uang segitu byk dipakai utk membersihkan sisa2 akibat bencana yg msh tebal itu;negatif
Fri Jan 23 13:36:32 +0000 2026;Dana Trilliunan seharusnya buat : 1. Bantu bencana Sumatera 2. GURU HONORER 3. Bangun sekolah yg REOT 4. Pendidikan GRATIS 5. SEMBAKO MURAH ­¤ć«­¤ć®­¤ć«­¤ć®­¤ć«­¤ć®’ĖÅ https://t.co/8KFFv9wsEs;negatif
Fri Jan 23 13:15:37 +0000 2026;ITS Perkuat Riset Interdisipliner dengan Hadirkan Ilmuwan Influencer Bagus Muljadi. Lebih lanjut Bagus memberikan contoh melalui bencana yang terjadi di Pulau Sumatera belum lama ini yang dapat diselesaikan dengan interdisipliner ilmu. https://t.co/PT9hk54yIF https://t.co/mogOf4rNzF;positif
Fri Jan 23 12:39:57 +0000 2026;Bansos Bencana Sumatera Bakal Disalurkan Akhir Januari https://t.co/wbe0eAYmxE;positif
Fri Jan 23 12:32:47 +0000 2026;Hentikan masalah panji utk smtra wkt. Tolong konsentrasi pemulihan bencana sumatera. Siapa sumber utama banjir bandang. Jangan pengalihan issu.;negatif
Fri Jan 23 12:28:35 +0000 2026;Presiden Penipu setelah Jokowi adalah @prabowo Bahagia diatas penderitaan Rakyat ~20 Ribu Korban Keracunan MBG ~3 Juta Hutan Merauke Papua Digusur ~1000 Lebih Tahanan Politik seindonesia ~Korban bencana banjir bandang di Sumatera 1.059 jiwa status bencana tidak jelas https://t.co/io7u42OUie;negatif
Fri Jan 23 12:24:56 +0000 2026;Telah dilaksanakan serah terima sivitas akademika Politeknik PU (PUTECH) dalam rangka keberangkatan pasca bencana Sumatera Utara Sumatera Barat dan Aceh. #SigapMembangunNegeriUntukRakyat #PU608 #BPSDMPU #PUPeduli #SetahunBerdampak https://t.co/C3VsoGZlAM;positif
Fri Jan 23 12:15:42 +0000 2026;Sumatera Utara (Sibolga) TNI Angkatan Darat mendukung kunjungan kerja jajaran Kodam 1/Bukit Barisan dan Pemerintah Provinsi Sumatera Utara dengan Pesawat Casa 212-200 No.Reg A-9035 ke wilayah terdampak bencana di Daerah Sumatera Utara (Sibolga). Jum at 23 Januari 2026 #tniad https://t.co/RPuniqd3wW;positif
Fri Jan 23 12:07:35 +0000 2026;Pasca bencana alam di Sumatera Barat listrik masih belum pulih 100% di sejumlah wilayah. Kondisi ini memunculkan pertanyaan serius: bagaimana sebenarnya roadmap elektrifikasi PLN? #dprri #pdiperjuangan #fraksipdiperjuangan https://t.co/7T6vNMmFzl;negatif
Fri Jan 23 11:52:10 +0000 2026;@SoeTjenMarching Para suami yg takut istri dapat MBG gak ya? Para istri korban KDRT dpt MBG gak ya? Para buruh korban PHK dpt MBG gak ya? Keluarga korban bencana Sumatera ? ...dan seterusnya tak terhingga ... siapa pun akan dapat MBG Akhirnya APBN kita is;negatif
Fri Jan 23 11:40:38 +0000 2026;Ah denial banget liat noh di sumatera masih belum stabil daerahnya karena korban bencana alam banyak daerah potensi hujan lebat sampai banjir itu stress pak bukan happy;negatif
Fri Jan 23 11:39:25 +0000 2026;Terhitung sejak 14 Januari 2026 menurut Mendikdasmen pembelajaran pasca bencana di Sumatera hampir 100% telah pulih. Lalu 28 persen perusahaan dicabut izinnya karena terindikasi memperparah bencana Sumatera. Lalu bagaimana keadaannya saat ini? Saksikan ILT malam ini jam https://t.co/OIqTt6mDOx;positif
Fri Jan 23 11:22:51 +0000 2026; @Marimar_Aauw Dan percayalah admin jg bukan org Tamiang atau org yg kena musibah banjir bandang di Sumatera. Dia cuma mau mengadu domba saja. Pdhl korban banjir dimanapun mereka jg sama2 sdg terkena musibah. Seharusnya sesama korban bencana saling menolong;positif
Fri Jan 23 11:21:20 +0000 2026;@prabowo Pakk tolong itu bencana di Sumatera BELUM TUNTASSSSS Dibantu dulu rakyatnya atuh pakkk :);negatif
Fri Jan 23 11:20:07 +0000 2026;@madisnur Lha repotnya yang megalomaniak gini jadi pemimpin. Bencana Sumatera sudah dua bulan tanpa kejelasan pemimpinnya sibuk ngecap prestasi yang gak jelas. Semoga Tuhan menolong Indonesia. Tuhan yg manapun yg kita percayai. Atau semoga ilmu menolong k;negatif
Fri Jan 23 11:16:26 +0000 2026;@detikcom Pengalihan isu apalagi sih? Titipan pak jokowi pada keciduk kpk? Kasus2 korupsi ex menteri era jokowi? Pemulihan pasca bencana di Aceh dan Sumatera yg lambat? Deforestasi di hutan adat papua? Pengungsi Rohingya yg mulai ga tahu diri? Wni dari ka;negatif
Fri Jan 23 11:00:57 +0000 2026;Pemerintah Provinsi Sumatera Barat melakukan respon cepat dan terkoordinasi untuk mengatasi krisis air bersih akibat kekeringan pascabencana hidrometeorologi yang melanda Kota Padang. https://t.co/w6ZMCPJsQm;positif
Fri Jan 23 10:56:02 +0000 2026;Astaghfirullah pak @prabowo asli JAHAT banget kamu ya pak udah bencana Sumatera nggak diselesaikan dengan baik sekarang malah bikin bencana di Negara Orang ! Emang pelanggar HAM keliatan jahatnya !;negatif
Fri Jan 23 10:46:35 +0000 2026;Video AHY Minta Huntara Korban Bencana Sumatera Siap Huni Sebelum Ramadan https://t.co/ddT4Q0WxSC;positif
Fri Jan 23 10:41:23 +0000 2026;Personel Batalyon C Pelopor Satuan Brimob Kepolisian Daerah Sumatera Utara menggencarkan pembersihan rumah warga yang terdampak bencana banjir dan longsor di Kecamatan Batang Toru Kabupaten Tapanuli Selatan. https://t.co/42IMEYePKg;positif
Fri Jan 23 10:39:22 +0000 2026;Tim gabungan Polri dari Polres Bener Meriah dan Brimob Polda Aceh membangun jembatan darurat guna memulihkan akses masyarakat terdampak bencana di Kampung Setie Kecamatan Timang Gajah Kabupaten Bener Meriah Provinsi Aceh. https://t.co/FJvUFPi3Uw;positif
Fri Jan 23 10:35:00 +0000 2026;Pengungsi Bencana Sumatera Berkurang Kemensos Mulai Salurkan Santunan dan Bantu Pemulihan https://t.co/bDWZT9ez0P;positif
Fri Jan 23 10:30:49 +0000 2026;Berita Bencana Ekologis Sumatera buat berita Korupsi Whoosh dan Bandara Istimewa PT IMIP tak nyaring lagi lalu berita Bencana itu tersapu oleh SLANK Fufufafa dan Mens Rea Pandji. Begitulah Media Sosial bekerja semoga Indonesia tak lupa ya?;negatif
Fri Jan 23 10:23:37 +0000 2026;real unsoed membantu bgt mhs yg kena dampak bencana sumatera ’ĖÅŌĆŹ;positif
Fri Jan 23 10:22:36 +0000 2026;@Ndrewstjan Jadi ini bukan memelintir tapi sedang memeras narasi yg ingin menyerang oposisi. Sumatera jelas politis karena penyebab bencana bikinan pusat sedangkan pemilik lahan nya sedang tidur nyenyak di pangkuan kebijakan pemerintah pusat.;negatif
Fri Jan 23 10:21:19 +0000 2026;@indepenSumatera Sedangkan di Sumatera yg nota bene hampir seminggu terkena bencana gk ada tuh breaking news emang bener media lebih penting kan dijawa;negatif
Fri Jan 23 10:16:46 +0000 2026;Tapi boleh kok diganti dengan sawit dan tambang kek di Sumatera meskipun menimbulkan bencana.;negatif
Fri Jan 23 10:03:50 +0000 2026;@Sarimulyyanti Terimakasih banyak untuk Institusi Kepolisian yg selalu hadir bagi saudara2 saya yg terkena dampak Bencana Banjir khususnya di Aceh Sumatera Utara dan Sumatra Barat..;positif
Fri Jan 23 10:00:00 +0000 2026;Di balik senyuman itu ada banyak rasa kesedihan dan kehilangan usai bencana banjir Sumatera. Namun mereka tetap berusaha kuat untuk kembali bangkit walaupun dengan kondisi yang nggak mudah. Yuk bareng-bareng kita jaga senyuman dan harapan itu tetap tumbuh serta tunjukkan https://t.co/1dzs9yo6RB;positif
Fri Jan 23 09:52:46 +0000 2026;@MariaAlkaff_ @Kemdikdasmen @Abe_Mukti Yuk yuk berisik lagi soal Aceh. Sekarang jika kita bicara soal bencana Sumatera terutama Aceh langsung buzzer pada nyerbu ada apaaaaa ??;negatif
Fri Jan 23 09:49:08 +0000 2026;@TomWrightAsia Di Indonesia Koruptor berkembang biak dan dilindungi oleh Negara. Bayangkan 1200 rakyat sumatera meninggal karena bencana dan tidak adanya status Bencana Nasional agar pemerintah tidak keluar uang banyak untuk membiayai para pengungsi. Miri;negatif
Fri Jan 23 09:34:50 +0000 2026;Bencana selalu ninggalin luka;negatif
Fri Jan 23 09:33:14 +0000 2026;keluar duit triliunan buat acara katanya perdamaian gercep amat. korban bencana sumatera masih butuh perhatian nihh;negatif
Fri Jan 23 09:22:00 +0000 2026;Aceh Tengah masih menunggu Jembatan Darurat. Lebih 300 jembatan hanyut dan rusak di wilayah Aceh akibat Bencana Banjir Aceh Sumatera 2025 https://t.co/PZIYGIkxD4;negatif
Fri Jan 23 09:21:04 +0000 2026;Bencana di Sumatera aja dipandang seperempat mata apalagi cuma geser-geser garis perbatasan negara pasti merem;negatif
Fri Jan 23 09:02:40 +0000 2026;Pemerintah kirim alat berat ke Aceh Banjir Miliband Rudy Hadisuwarno Net Zero MC JAY Dikerjakan Dengan Fokus Dalang Bencana Sumatera #PrabowoLindungiHutan #KonsistenTegakkanHukum #ÓĖŻÓĖ▒ÓĖüÓĖ½ÓĖźÓĖ▒ÓĖÜÓĖüÓĖ▒ÓĖÜÓĖŁÓĖŁÓĖ¤ÓĖüÓĖ▒ÓĖÖSpecial OPPO Reno15 Series Shayne Ketekunan Gaza Palestina https://t.co/VfqWUdmVxA;positif
Fri Jan 23 09:01:20 +0000 2026;Pemerintah terus percepat pemulihan Banjir Miliband Rudy Hadisuwarno Net Zero MC JAY Dikerjakan Dengan Fokus Dalang Bencana Sumatera #PrabowoLindungiHutan #KonsistenTegakkanHukum #ÓĖŻÓĖ▒ÓĖüÓĖ½ÓĖźÓĖ▒ÓĖÜÓĖüÓĖ▒ÓĖÜÓĖŁÓĖŁÓĖ¤ÓĖüÓĖ▒ÓĖÖSpecial OPPO Reno15 Series Shayne Gaza Palestina Sabang https://t.co/vtiC46MZ2Z;positif
Fri Jan 23 08:58:57 +0000 2026;lekas pulih sumateraku;positif
Fri Jan 23 08:54:36 +0000 2026;Kenapa kemarin pas butuh urgent buat bencana Sumatera banyak kali alesan menolak asingnya. Pas begini ok ok aja?;negatif
Fri Jan 23 08:53:00 +0000 2026;Bencana di Sumatera harus jadi moemntum perbaikan tata kelola berbagai sektor. Termasuk pembiayaan terhadap industri ekstraktif. https://t.co/9Dywzjr6A8;negatif
Fri Jan 23 08:43:47 +0000 2026;kocak anying 1. lu aja punya pemikiran buat hutan papua ditanamin sawit juga 2. penanganan banjir di sumatera aja engga lu anggep bencana nasional ini presiden kagak jelas banget tiap bikin statement gimana kaga rakyatnya makin susah;negatif
Fri Jan 23 08:31:43 +0000 2026;bukan juga tentang pohon Banjir Rudy Hadisuwarno Serusaknya Dikerjakan Dengan Fokus #DareYouToDeathEP5 Dalang Bencana Sumatera bank saqu #PrabowoLindungiHutan #KonsistenTegakkanHukum Indihome https://t.co/JFNpZlGn5y;negatif
Fri Jan 23 08:30:57 +0000 2026;tapi ini bukan tentang buku Banjir Rudy Hadisuwarno Serusaknya Dikerjakan Dengan Fokus #DareYouToDeathEP5 Dalang Bencana Sumatera bank saqu #PrabowoLindungiHutan #KonsistenTegakkanHukum Indihome https://t.co/fa1SIhrtfN;negatif
Fri Jan 23 08:23:27 +0000 2026;Inilah bukti pemerintah telah mencabut izin usaha terhadap perusahaan penyebab bencana sumatera #prabowo #bencanasumatera https://t.co/7ZgvVgqXGl;positif
Fri Jan 23 08:10:00 +0000 2026;Kementerian Lingkungan Hidup menggugat tiga perusahaan terkait pencemaran lingkungan di Sumatera. KLH menuntut ganti rugi total Rp 390 miliar. https://t.co/EVT1cmZqtr;positif
Fri Jan 23 08:09:27 +0000 2026;@tempodotco Setelah claim bisa tanggulangi bencana Sumatera utara tanpa bantuan asing lalu mengclaim Indonesia negara terkaya ke 4 dan sekarang ini? Cukuplah omon2 disini. Jangan sampe di tertawakan oleh seluruh dunia. Gw ikut malu.;negatif
Fri Jan 23 08:03:46 +0000 2026;Mendagri Tito Karnavian apresiasi KKP untuk pemulihan bencana Sumatera #mendagri #titokarnavian #kemendagri https://t.co/2PZI1Vi3fQ;positif
Fri Jan 23 07:59:15 +0000 2026;Pemerintah mencabut izin 28 perusahaan nakal sebagai pesan keras bahwa #PrabowoLindungiHutan bukan slogan dan Dalang Bencana Sumatera tak lagi kebal;positif
Fri Jan 23 07:59:14 +0000 2026;Komitmen #PrabowoLindungiHutan ditegaskan sejak awal kepemimpinan dengan menata ulang ekonomi sumber daya alam yang selama ini dikuasai Dalang Bencana Sumatera;positif
Fri Jan 23 07:59:13 +0000 2026;Presiden Prabowo berdiri tegas menjaga hutan nasional karena kerusakan alam bukan takdir tapi ulah Dalang Bencana Sumatera yang harus dihentikan lewat kebijakan nyata #PrabowoLindungiHutan Dalang Bencana Sumatera https://t.co/JOSOcCjnhM;positif
Fri Jan 23 07:57:23 +0000 2026;Penertiban kawasan hutan nasional adalah bentuk keadilan ekologis yang lama dinanti rakyat Sumatera dari ancaman Dalang Bencana Sumatera #PrabowoLindungiHutan Dalang Bencana Sumatera;positif
Fri Jan 23 07:57:22 +0000 2026;Hutan rusak banjir datang penderitaan meluas dan #PrabowoLindungiHutan memilih berpihak pada masa depan bukan pada Dalang Bencana Sumatera;positif
Fri Jan 23 07:57:22 +0000 2026;Langkah tegas ini membuktikan negara hadir melindungi rakyat dari dampak Dalang Bencana Sumatera lewat keberanian Presiden #PrabowoLindungiHutan Dalang Bencana Sumatera https://t.co/06WQED0aXU;positif
Fri Jan 23 07:53:33 +0000 2026;PEMERINTAH HADIR DALAM PENANGANAN BENCANA ACEH-SUMATERA https://t.co/whBhea7DfA;positif
Fri Jan 23 07:52:28 +0000 2026;Kementerian Agraria dan Tata Ruang/Badan Pertanahan Nasional (ATR/BPN) memastikan status kepemilikan tanah di daerah terdampak banjir di Sumatera diakui negara sekaligus menggratiskan biaya pengurusan sertifikat yang hilang saat bencana. Laman #infografik https://t.co/Br2W8Lk5bW;positif
Fri Jan 23 07:47:26 +0000 2026;Hutan nasional benteng stabilitas ekosistem negara #PrabowoLindungiHutan Presiden Prabowo pastikan Dalang Bencana Sumatera dapat konsekuensi;positif
Fri Jan 23 07:47:21 +0000 2026;Bantuan Bencana Sumatera Didominasi Makanan Instan MDMC Sentuh Kesehatan Anak https://t.co/g15vBlp3jb;positif
Fri Jan 23 07:46:36 +0000 2026;Presiden Prabowo tidak tolerir pelanggaran lingkungan #PrabowoLindungiHutan ungkap dan tindak Dalang Bencana Sumatera yang rusak hutan nasional;positif
Fri Jan 23 07:43:23 +0000 2026;@KNRNIsntHere Duit segitu bisa buat bangun infrastruktur aceh sumatera yg hancur krn bencana alam malah dipake buat bangun rumah penjajah.;negatif
Fri Jan 23 07:43:20 +0000 2026;https://t.co/cePfhtBlKB | Pemerintah Gugat Sejumlah Perusahaan Sebesar Rp4 8 T 'Sebagai Ganti Rugi Atas Kerusakan Bencana Ekologis di Sumatera' https://t.co/SR2H2X1YLX;positif
Fri Jan 23 07:43:07 +0000 2026;Penataan sumber daya alam jadi prioritas nasional #PrabowoLindungiHutan sikap tegas hadapi pekerjaan tangan Dalang Bencana Sumatera;positif
Fri Jan 23 07:43:06 +0000 2026;Pencabutan izin 28 perusahaan bukti komitmen pemerintah #PrabowoLindungiHutan bersama akhiri era Dalang Bencana Sumatera yang merusak alam;positif
Fri Jan 23 07:43:05 +0000 2026;Presiden Prabowo pastikan kegiatan ekonomi sesuai kaidah kelestarian #PrabowoLindungiHutan hilangkan peran Dalang Bencana Sumatera yang rusak Sumatera;positif
Fri Jan 23 07:40:39 +0000 2026;Komitmen penataan sumber daya alam jadi fokus utama #PrabowoLindungiHutan pemerintah siap tangkap Dalang Bencana Sumatera yang sebabkan bencana;positif
Fri Jan 23 07:40:38 +0000 2026;28 perusahaan pelanggar menerima sanksi pencabutan izin #PrabowoLindungiHutan tidak ada ruang bagi Dalang Bencana Sumatera di kepemimpinan Prabowo;positif
Fri Jan 23 07:40:37 +0000 2026;Hutan nasional jadi prioritas penataan sumber daya alam #PrabowoLindungiHutan tindakan ini akhiri peran Dalang Bencana Sumatera yang rusak alam luas;positif
Fri Jan 23 07:38:03 +0000 2026;Kasihan pak @prabowo dapat masukan yg salah . Lihatlah orang orang pinggiran di Papua yg hidupnya susah. Walau wilayahnya kaya tambang emas. Lalu korban bencana Aceh .Sumatera Kalimantan . Morowali dll. Apa mereka hidup bahagia saat ini;negatif
Fri Jan 23 07:37:47 +0000 2026;Komitmen ini ada sejak awal kepemimpinan Prabowo Gibran #PrabowoLindungiHutan sikap tegas hadapi pelanggaran yang jadi pemicu Dalang Bencana Sumatera;positif
Fri Jan 23 07:37:46 +0000 2026;28 perusahaan pelanggar mendapatkan pencabutan izin #PrabowoLindungiHutan pemerintah tidak tolerir Dalang Bencana Sumatera yang korban kelestarian alam;positif
Fri Jan 23 07:36:17 +0000 2026;Presiden Prabowo komitmen menata kegiatan ekonomi sumber daya alam di hutan nasional #PrabowoLindungiHutan upaya ini tanggapi Dalang Bencana Sumatera yang ganggu ekosistem;positif
Fri Jan 23 07:25:29 +0000 2026;Ketegasan hari ini adalah perlindungan untuk esok dan #PrabowoLindungiHutan menjadi garis tegas melawan Dalang Bencana Sumatera;positif
Fri Jan 23 07:25:29 +0000 2026;Presiden Prabowo menegaskan masa depan hijau tak bisa dibangun bersama Dalang Bencana Sumatera #PrabowoLindungiHutan Dalang Bencana Sumatera;positif
Fri Jan 23 07:25:28 +0000 2026;Ini adalah momentum membenahi masa lalu yang rusak oleh Dalang Bencana Sumatera #PrabowoLindungiHutan Dalang Bencana Sumatera https://t.co/wGUANZdZpz;positif
Fri Jan 23 07:24:52 +0000 2026;Jusuf Kalla Maruf Amin dan Boediono mereka tidak pernah deklarasi melawan presidennya di 1 tahun pertamanya. Tapi lain dengan budak2 Jokowi ini PSI sudah berani DEKLARASI melawan Prabowo. Mereka DIAM soal bencana Sumatera tapi mereka terdepan rebut kekuasaan dari Prabowo https://t.co/zheWa2Qax3;negatif
Fri Jan 23 07:22:24 +0000 2026;Sumatera butuh pemulihan dan #PrabowoLindungiHutan membuka jalan dengan menindak Dalang Bencana Sumatera;positif
Fri Jan 23 07:22:23 +0000 2026;Keberanian mencabut izin adalah bukti nyata kepemimpinan yang berpihak pada keselamatan rakyat dari Dalang Bencana Sumatera #PrabowoLindungiHutan Dalang Bencana Sumatera;positif
Fri Jan 23 07:22:23 +0000 2026;Langkah ini menguatkan pesan bahwa pembangunan harus adil dan bebas dari Dalang Bencana Sumatera #PrabowoLindungiHutan Dalang Bencana Sumatera https://t.co/ViypVmqi8R;positif
Fri Jan 23 07:21:04 +0000 2026;Presiden Prabowo memilih berdiri bersama alam dan korban bukan bersama Dalang Bencana Sumatera #PrabowoLindungiHutan Dalang Bencana Sumatera;positif
Fri Jan 23 07:21:03 +0000 2026;Hutan dijaga rakyat dilindungi dan #PrabowoLindungiHutan menutup ruang bagi Dalang Bencana Sumatera;positif
Fri Jan 23 07:21:03 +0000 2026;Ketegasan ini menjadi harapan baru bagi masyarakat yang hidup di bayang bencana akibat Dalang Bencana Sumatera #PrabowoLindungiHutan Dalang Bencana Sumatera https://t.co/qVQyTLnesb;positif
Fri Jan 23 07:19:34 +0000 2026;Penataan sumber daya alam adalah jalan panjang menyelamatkan lingkungan dari Dalang Bencana Sumatera dan #PrabowoLindungiHutan memulainya sekarang;positif
Fri Jan 23 07:19:33 +0000 2026;Presiden Prabowo mengirim pesan jelas tidak ada kompromi bagi perusak hutan Dalang Bencana Sumatera #PrabowoLindungiHutan Dalang Bencana Sumatera;positif
Fri Jan 23 07:19:32 +0000 2026;Kebijakan tegas ini menunjukkan negara belajar dari luka bencana yang dipicu Dalang Bencana Sumatera #PrabowoLindungiHutan Dalang Bencana Sumatera https://t.co/fPZILMVhWq;positif
Fri Jan 23 07:18:13 +0000 2026;Sumatera tak boleh terus jadi korban dan #PrabowoLindungiHutan hadir menghentikan praktik Dalang Bencana Sumatera;positif
Fri Jan 23 07:18:12 +0000 2026;Pencabutan izin 28 perusahaan menandai keberanian negara menghadapi Dalang Bencana Sumatera demi hutan yang lestari #PrabowoLindungiHutan Dalang Bencana Sumatera;positif
Fri Jan 23 07:18:11 +0000 2026;Komitmen sejak awal pemerintahan ditepati Presiden Prabowo dengan menertibkan ekonomi alam yang merusak dan melahirkan Dalang Bencana Sumatera #PrabowoLindungiHutan Dalang Bencana Sumatera https://t.co/JadeEdWRcM;positif
Fri Jan 23 07:16:53 +0000 2026;Ketika negara tegas harapan tumbuh dan #PrabowoLindungiHutan menjadi tameng rakyat dari Dalang Bencana Sumatera;positif
Fri Jan 23 07:16:52 +0000 2026;Hukum ditegakkan alam diselamatkan dan pesan #PrabowoLindungiHutan menggema kuat melawan Dalang Bencana Sumatera;positif
Fri Jan 23 07:16:51 +0000 2026;Presiden Prabowo memilih melindungi hutan daripada melindungi pelanggar dan sikap ini menutup ruang gerak Dalang Bencana Sumatera #PrabowoLindungiHutan Dalang Bencana Sumatera https://t.co/szOLhTZuXR;positif
Fri Jan 23 07:07:56 +0000 2026;sudah saatnya kita menghentikan operasional para Dalang Bencana Sumatera yang menjadi anomali dalam sistem pembangunan kita pencabutan izin 28 perusahaan nakal adalah bentuk sanksi tegas agar tidak ada lagi yang berani melanggar batas ekologi;positif
Sat Jan 24 23:56:49 +0000 2026;Demo gak sih. Gila nih orang. Banjir sumatera aja lo pelit ngeluarin duit. Malah duit negara buat zionis idih gak ridho gw;negatif
Sat Jan 24 23:55:26 +0000 2026;Rupiah melemah karena politik. Banjir di Sumatera juga karena kebijakan politik. BBM naik juga karena kebijakan politik. Naiknya harga sembako juga karena kebijakan politik. Kurangnya lapangan kerja juga karena kebijakan politik. Bisa-bisanya WNI tapi ngomong begini.;negatif
Sat Jan 24 23:21:34 +0000 2026;dari saat Prabowo menjadi Presiden pemilihnya sudah seperti ini dan sekarang lihat selama 1 tahun beliau menjabat berapa anak yang keracunan? berapa orang yang ditangkap saat demo? berapa korban dan terdampak karena banjir Sumatera? berapa luas hutan yg digunduli? ahh sudahlah.;negatif
Sat Jan 24 23:08:16 +0000 2026;Pak polisi coba itu para pembalak liar dan cukong2 yg menyebabkan banjir bandang dan longsor di sumatera cepat diperiksa juga dong!!;negatif
Sat Jan 24 22:12:24 +0000 2026;Bersama kita akselerasi pemulihan sektor pertanian pascabencana Sumatera! Membangun kembali ketahanan pangan dan ekonomi lokal. #PrayForSumatra #BencanaAlam #Banjir #DaruratBanjir #BNPB https://t.co/Ic63Sh6Who;positif
Sat Jan 24 22:11:34 +0000 2026;Bersama kita akselerasi pemulihan sektor pertanian pascabencana Sumatera! Membangun kembali ketahanan pangan dan ekonomi lokal. #PrayForSumatra #BencanaAlam #Banjir #DaruratBanjir #BNPB https://t.co/hAZzxZDbHw;positif
Sat Jan 24 21:49:45 +0000 2026;@adawamanarp sama aja lah waktu banjir di sumatera malah lebih parah di tiktok ada bales pake video semoga nambah lagi korban banjirnya ini lebih effort dari sekedar ngetik. Di FB ada berita Polisi Meninggal Dapat REACT ketawa sampe 8K jadi orang tolol ma;negatif
Sat Jan 24 16:50:59 +0000 2026;@ditorfnsy Setuju pemerintah sedang mempercepat pemulihan infrastruktur di Sumatera pasca banjir ;positif
Sat Jan 24 11:51:37 +0000 2026;Padahal tsunami Aceh bisa jd peringatan bertahun▓ kok banjir-longsor Sumatera yg lebih parah dampaknya malah pada marah▓ pas diingetin ;negatif
Sat Jan 24 05:46:18 +0000 2026;Tim gabungan Polres Bener Meriah dan Brimob Polda Aceh bangun jembatan darurat di Kampung Setie Bener Meriah untuk pulihkan akses warga pascabanjir ;positif
Sat Jan 24 05:02:36 +0000 2026;@ARSIPAJA Ngaca paok itu tanah papua kalimantan sumatera dan daerah lain botak longsor banjir emang siapa yang ngerusak? Tukang cendol gabut? Ya golongan lu semua lha golongan orang yang paling ngaku mikirin rakyat realitanya mikirin perut lu ;negatif
Sat Jan 24 23:58:18 +0000 2026;@zahranaldoooo_ 02 voters lebih parah waktu bencana aceh kemarin pada diem2 aja lu ngentott wkwkwkw https://t.co/Cx0hH4Ar87;negatif
Sat Jan 24 23:48:42 +0000 2026;Anda kira kemaren yang ngetawain aceh deserve kena bencana kubu mana;negatif
Sat Jan 24 23:45:01 +0000 2026;Untuk Aceh Sumatra Bangkit pemerintah berikan dana tunggu untuk penyintas bencana https://t.co/WDWCxdlDAi;positif
Sat Jan 24 23:21:51 +0000 2026;Pemerintah Hadir dan terus berupaya untuk memulihkan Aceh pasca bencana alam banjir. https://t.co/w8vv71ZRjg;positif
Sat Jan 24 23:21:16 +0000 2026;@CindyHapsari_ Keracunan MBG bencana aceh dan sumatra sehingga ribuan orang tewas dan kehilangan rumah ojol dilindas mobil brimob sampai wafat dll Itu semua gara-gara politik;negatif
Sat Jan 24 23:19:42 +0000 2026;1. Ketum TP PKK Tri Tito Karnavian menyalurkan bantuan bagi masyarakat terdampak bencana di Posko Dusun Sunting Gampong Tanjung Kecamatan Bandar Pusaka Kabupaten Aceh Tamiang Jumat (23/01). #SatgasGerakanTarunaKedinasan #KasatgasLepasTarunaBantuAceh https://t.co/vQniJqOXEc;positif
Sat Jan 24 23:13:40 +0000 2026;Huntara bukan sekadar tempat berteduh tapi simbol pemulihan bagi warga terdampak bencana. Melalui sinergi pemerintah pusat dan daerah kita pastikan akses layanan sosial tetap terjaga. Pemerintah Sigap untuk Aceh Sumatra bersama kita melangkah menuju hunian tetap yang lebih baik https://t.co/nzuxDnKN6Z;positif
Sat Jan 24 23:10:53 +0000 2026;Huntara bukan sekadar tempat berteduh tapi simbol pemulihan bagi warga terdampak bencana. Melalui sinergi pemerintah pusat dan daerah kita pastikan akses layanan sosial tetap terjaga. Pemerintah Sigap untuk Aceh Sumatra bersama kita melangkah menuju hunian tetap yang lebih baik https://t.co/SAjOiwYtyQ;positif
Sat Jan 24 22:44:48 +0000 2026;@tanyarlfes Yakin ribuan rakyat jd korban ga koar koar empati? Lu main di goa mana? Kmrn pas bencana aceh semua sampe galang dana donasi itu kalo bkn empati apa? Semua concern soal yg keracunan mbg yg kena dampak alih lahan sawit itu semua ga pernah lewat;positif
Sat Jan 24 22:39:39 +0000 2026;@tempodotco Malaysia makasih bgt loh udah bisa menyelamatkan 3 desa yg ada di perbatasan bisa sxan tolong Aceh kasih mreka ga dianggap yg dipusat bantuan seadanya. Buat status bencana nasional aja ga dikasih.;negatif
Sat Jan 24 22:14:01 +0000 2026;@Mintyyymints @kitcrab hebat ya heboh karena ada satu public figure yang meninggal. apakah korban bencana aceh? apakabar tokoh aktivis 98?;negatif
Sat Jan 24 22:12:05 +0000 2026;Kapolda Aceh Tinjau Kesiapan Lahan Huntap di Aceh Tamiang Aceh Tamiang - Kepala Kepolisian Daerah (Kapolda) Aceh Irjen Pol Drs.Marzuki Ali Basyah meninjau langsung proses pematangan lahan hunian tetap (huntap) bagi masyarakat terdampak bencana. https://t.co/2G70FN7Zis;positif
Sat Jan 24 22:05:46 +0000 2026;loh kamu lupa comment-comment nirempati di setiap postingan bencana aceh? just because 02 voters are not dominant in Aceh some even say ga layak dapat bantuan pemerintah ;negatif
Sat Jan 24 16:03:24 +0000 2026;@calvaro_nico Terima kasih atas tag-nya. Dukungan pemerintah memang krusial di tengah bencana banjir ;positif
Sat Jan 24 15:58:36 +0000 2026;@mayratania44 Ya presiden memang pantau ketat bencana banjir dan longsor di Aceh Sumut ;positif
Sat Jan 24 15:58:01 +0000 2026;@adyynfkrie Setuju penanganan bencana banjir ;positif
Sat Jan 24 15:56:12 +0000 2026;@evelyncasrina Setuju pemerintah melalui BNPB sedang gencar tangani bencana banjir ;positif
Sat Jan 24 15:55:53 +0000 2026;@rzlprayog Ya dedikasi tim penanganan bencana patut diapresiasi. Berdasarkan update BNPB per 24 Jan 2026 alat berat terus bekerja membersihkan puing banjir di Aceh Sumut dan Sumbar. Korban tewas mencapai 1.199 dengan 166 ribu jiwa masih mengungsi. Semoga ;positif
Sat Jan 24 16:00:45 +0000 2026;@indiramiw Setuju melihat pejabat turun langsung ke lokasi banjir ;positif
Sat Jan 24 15:58:24 +0000 2026;@bhasyirqasm Setuju pembersihan sisa banjir di Aceh Sumut dan Sumbar sedang dikebut pemerintah. BNPB laporkan per 24 Jan 2026: 1.201 korban meninggal 142 hilang 113.672 mengungsi. Logistik 1.763 ton didistribusikan huntara dibangun cepat. Semoga aktivitas;positif
Sat Jan 24 15:57:18 +0000 2026;@rvnthaliaa Setuju gotong royong masyarakat dengan dukungan pemerintah seperti alat berat dan OMC (532 sorti di Aceh hingga 22 Jan) membantu pemulihan banjir di Aceh Sumut ;positif
2025-12-06T19:48:39.000Z;Pas dia naik pembahasannya langsung ke bencana Sumatera, sesedih itu emang?? semoga lekas membaik semuanya?? https://t.co/cohMScdzax;positif
2025-12-06T05:50:00.000Z;Ditengah bencana di Sumatera yg mungkin salah satu penyebabnya adalah pembukaan lahan kelapa sawit, eh masih aja ngomongin sawit?? https://t.co/tAa3hIkMP2;negatif
2025-12-06T19:00:00.000Z;BPKH beri bantuan Rp3 miliar bagi korban bencana di Sumatera;positif
2025-12-06T11:30:30.000Z;"Presiden Prabowo Subianto menegaskan bahwa negara hadir untuk menangani bencana di Sumatera. Tak kurang dari 50 helikopter beroperasi di semua lokasi bencana. ""Mungkin beberapa bulan tahun lalu tidak ada yang bisa memperkirakan bahwa negara kita mampu mengerahkan 50 helikopter. https://t.co/KQoLoNUOjA";positif
2025-11-29T10:38:26.000Z;SUMATERA IS PART OF INDONESIA. Korban meninggal sudah banyak and still counting. Thousands lost their homes, their belongings, even their families. The economy is paralyzed, the damage is everywhere, yet a national disaster status is still not declared. How much more suffering is;negatif
2025-12-06T13:46:28.000Z;Jateng Peduli Bencana Alam Sumatera;positif
2025-12-06T09:27:47.000Z;Artis Denny Sumargo menyoroti sikap pemerintah dalam menanggapi bencana banjir dan longsor yang terjadi di Aceh dan Sumatera. Dia menilai bukan masalah bantuan yang terlambat, namun bantuan tersebut tak sampai ke daerah yang terisolasi.;negatif
2025-12-06T10:27:49.000Z;Denny Sumargo buka suara soal penanganan bencana Sumatera : Masalahnya Bantuan Banyak tak Sampai!. ;negatif
2025-12-06T23:47:01.000Z;Liat rekamannya gini, makin yakin klo Pemerintah Pusat ga serius sm bencana Sumatera.;negatif
2025-12-06T15:03:31.000Z;Kita doakan, sahabat-sahabat Banser Tanggap Bencana (Bagana), Banser dari Satkornas, dari Lampung, Riau, dan Sumatera Selatan diberikan kesehatan dan kekuatan untuk melakukan khidmah kemanusiaan membantu saudara kita yang menjadi korban bencana di Sumatera Utara, Sumatera Barat, https://t.co/CrFKBJd2gT;positif
2025-12-06T15:53:09.000Z;"@awaasaurus Banyak yg belain dg alasan ""bencana di sumatera lebih parah dan lebih membutuhkan"" wkwk pdhl kan dia kerja buat Jabar. Kalo kyk gtu bisa dibilang lalai sama tugas dan kewajiban dia";negatif
2025-12-06T12:57:40.000Z;"""Kita sedang menghadapi dua bencana sekaligus: bencana alam di Sumatera, dan yang jauh lebih memilukan, bencana moral para pemimpin bangsa ini."" ??";negatif
2025-12-06T08:08:15.000Z;"""Posko Kesehatan TNI AU dan Dinkes Sumut Layani 124 Warga di Kamp Pengungsian Hajoran""";positif
2025-12-02T05:38:14.000Z;Turut berdukacita yg sangat mendalam, atas musibah Bencana yg telah merenggut banyak korban jiwa dan kerusakan infrastruktur yg luarbiasa;positif
2025-12-06T14:41:56.000Z;Pelepasan Sahabat-sahabat Banser Tanggap Bencana #Bagana Satkornas yang akan diterjunkan diwilayah bencana Sumatera Utara, Sumatera Barat dan Aceh untuk membantu dan menyalurkan bantuan yang sudah diterima kepada saudara-saudara kita yang  menjadi korban bencana https://t.co/6lZLEXTO9i;positif
2025-12-06T13:35:00.000Z;Ketua Komisi III DPR, Habiburokhman, menilai lucu jika bencana banjir dan longsor di Sumatera dikaitkan dengan sosok Zulhas. https://t.co/8fz0gBGF2G;negatif
2025-12-06T15:16:06.000Z;Pasca terjadinya bencana alam yang melanda wilayah Sumatera, prajurit TNI AL melaksanakan pelayanan kesehatan terpadu bagi para korban di atas KRI dr.Soeharso-990. Kapal rumah sakit milik TNI AL tersebut difungsikan sebagai pusat evakuasi medis sekaligus fasilitas perawatan https://t.co/7DERSxa9sQ;positif
2025-11-30T09:44:57.000Z;MENCEKAMNYA HANYA DI MEDSOS?;negatif
2025-12-06T08:03:57.000Z;?????Kisah Reno, anjing pelacak K9 gugur saat bertugas mencari korban bencana banjir dan longsor di Sumatera Barat (Sumbar)??;positif
2025-12-06T13:17:52.000Z;Wakil Ketua Komisi IV Alex Indra Kritik Menhut Raja Juli Terkait Bencana Sumatera https://t.co/emuUgS2GEP lewat @Keuangan News https://t.co/6KMy4oaGCw;negatif
2025-12-06T17:14:06.000Z;Sekda Ajak Masyarakat Sepatan Doa Bersama untuk Korban Bencana di Pulau Sumatera;positif
2025-12-06T13:22:31.000Z;Presiden Prabowo: Negara Bergerak Cepat Tangani Bencana, Indonesia Bangsa yang Kuat;positif
2025-12-06T10:02:21.000Z;Meski kewalahan menangani banjir dan tanah longsor di Sumatera Barat, Sumatera Utara, dan Aceh, pemerintah tak kunjung menetapkan bencana nasional. Betulkah karena gengsi dan enggan aib tersorot?;negatif
2025-12-06T14:25:59.000Z;Raffi Ahmad dan Nagita Slavina Salurkan Rp15 Miliar Bantu Korban Bencana Sumatera, Fantastis! https://t.co/ReREPbuyYP;positif
2025-12-06T11:30:00.000Z;Prabowo Kembali Singgung æPentingnyaÆ Kelapa Sawit di Tengah Bencana Sumatera;negatif
2025-12-06T22:15:11.000Z;Negara harus hadir tegakkan kedaulatan di wilayah bencana di Sumatera.;positif
2025-12-06T15:37:45.000Z;"Karena @prabowo tidak mau menetapkan bencana nasional di Sumatera, bagaimana kalau kita orang Sumatera menetapkan sebagai ""Bencana International"" saja @WFP @BNPB_Indonesia @USATODAY @KompasTV @Metro_TV https://t.co/dzHLi3qnxN";negatif
2025-12-06T16:18:20.000Z;Sbg Anggota DPR RI @fraksipartaigerindra di dampingi Wakil Gubernur Sumbar @vasko_ruseymi dan Direktur Utama PT Hutama Karya Bapak Kuncoro, malam ini kami melaksanakan Rapat Koordinasi terkait langkah strategis pembangunan kembali Sumatera Barat pasca bencana banjir dan longsor. https://t.co/uRJiE3GiEK;positif
2025-12-06T20:03:57.000Z;Tidak menutup mata, pemerintah memang bukan tidak datang dalam bencana Sumatera. tapi harus diakui, pemerintah SANGAT GAGAL dalam menangani bencana Sumatera.;negatif
2025-12-06T16:54:21.000Z;Kenapa Prabowo gak pernah ngantor di lokasi Bencana Sumatera?;negatif
2025-12-06T16:30:00.000Z;Chiki Fawzi berbagi pengalaman emosionalnya sebagai relawan di lokasi bencana di Sumatera. Ia memberikan pesan untuk relawan soal kapasitas diri. https://t.co/lbTR9QYptZ;positif
2025-12-06T14:40:26.000Z;TNI AU Bantu Salurkan Lebih dari 200 Ton Bantuan ke Sumut, Sumbar, dan Aceh;positif
2025-12-06T11:05:32.000Z;Polres Bangka Barat Gelar Sholat Gaib untuk Korban Bencana Aceh, Sumatera, dan Erupsi Semeru;positif
2025-12-06T09:19:22.000Z;Duta Besar Uni Emirat Arab (UEA) untuk Indonesia Abdulla Salem Al Dhaheri menyatakan kesiapan negaranya untuk membantu Indonesia.;positif
2025-12-06T18:55:35.000Z;Deretan pemain dan klub Super League buka donasi dan lelang amal untuk korban bencana Sumatera, terbaru Persija! https://t.co/2P1uYu2YLz;positif
2025-12-06T05:50:44.000Z;Sumbang Rp500 Juta untuk Korban Banjir, Denny Sumargo Sebut Penanganan Bencana di Pulau Sumatera Lambat https://t.co/mmlHlPcxoM;negatif
2025-12-06T08:26:06.000Z;Prabowo: 50 Helikopter, Hercules C-130J, hingga Airbus A400 Bergerak Tangani Bencana Sumatera https://t.co/fh7ok38F5m;positif
2025-12-06T22:01:08.000Z;Perkumpulan Komunitas Hipnotis Indonesia bersama pulihkan korban bencana di Sumatera https://t.co/ZHeMKfVHYP;positif
2025-11-28T10:10:19.000Z;ayah gw udah makan belum ya, tidurnya gimana ya, udah lebih dari 24 jam sejak akses komunikasi diputus, listrik mati, dan masih susah menghubungi keluarga di kampung.;negatif
2025-12-06T16:39:20.000Z;Perkuat Komunikasi Darurat, Lintasarta Pasang Starlink di Enam Titik Bencana di Sumatera;positif
2025-12-06T15:14:37.000Z;Beneran kepikiran korban bencana di sumatera, khususnya di Tamiang, yang hancur parah, gimana mereka memulai hidup nya lagi semua dari 0????????????;negatif
2026-01-24T05:29:36.000Z;Pemerintah cabut izin perusahaan yang terbukti melakukan kerusakan lingkungan di Aceh Sumatera. Bukti pemerintah hadir lindungi warganya, pemerintah bareng warga Aceh Sumatera bangkit kembali.;positif
2026-01-24T04:56:00.000Z;Pemulihan Aceh Tamiang terus dilakukan pemerintah bareng warga agar Aceh Sumatera bangkit kembali.;positif
